告白氣球,周杰倫,"塞納河畔 左岸的咖啡我手一杯 品嚐你的美留下唇印的嘴花店玫瑰 名字寫錯誰告白氣球 風吹到對街微笑在天上飛你說你有點難追 想讓我知難而退禮物不需挑最貴 只要香榭的落葉營造浪漫的約會 不害怕搞砸一切擁有你就擁有 全世界親愛的 愛上你 從那天起甜蜜的很輕易親愛的 別任性 你的眼睛在說我願意親愛的 愛上你 戀愛日記飄香水的回憶一整瓶 的夢境 全都有你攪拌在一起",1
小幸運,田馥甄,"我聽見雨滴 落在青青草地我聽見遠方 下課鐘聲響起可是我沒有聽見你的聲音 認真呼喚我姓名愛上你的時候 還不懂感情離別了 才覺得刻骨銘心為什麼沒有發現 遇見了你 是生命最好的事情也許當時忙著微笑和哭泣忙著追逐天空中的流星人理所當然的忘記是誰風裡 雨裡 一直默默守護在原地原來你是 我最想留住的幸運原來我們 和愛情曾經靠得那麼近那為我對抗世界的決定 那陪我淋的雨一幕幕都是你 一塵不染的真心與你相遇 好幸運可我已失去 為你淚流滿面的權利但願在我看不到的天際 你張開了雙翼遇見你的注定 她會有多幸運青春是段跌跌撞撞的旅行擁有著後知後覺的美麗來不及感謝 是你給我勇氣 讓我能做回我自己",1
演員,薛之謙,"簡單點 說話的方式簡單點遞進的情緒請省略你又不是個演員別設計那些情節沒意見 我只想看看你怎麼圓你難過的太表面 像沒天賦的演員觀眾一眼能看見該配合你演出的我 演視而不見在逼一個最愛你的人 即興表演什麼時候我們開始 收起了底線順應時代的改變 看那些拙劣的表演可你曾經那麼愛我 乾嘛演出細節我該變成什麼樣子 才能延緩厭倦原來當愛放下防備後的這些那些才是考驗沒意見 你想怎麼樣我都隨便你演技也有限 又不用說感言分開就平淡些該配合你演出的我 演視而不見別逼一個最愛你的人 即興表演什麼時候我們開始 沒有了底線順著別人的謊言 被動就不顯得可憐可你曾經那麼愛我 乾嘛演出細節我該變成什麼樣子 才能配合出演原來當愛放下防備後的這些那些都有個期限其實台下的觀眾就我一個其實我也看出你有點不捨場景也習慣我們來回拉扯還計較著什麼其實說分不開的也不見得其實感情最怕的就是拖著越演到重場戲越哭不出了是否還值得該配合你演出的我 盡力在表演像情感節目里的嘉賓 任人挑選如果還能看出我有愛你的那面請剪掉那些情節 讓我看上去體面可你曾經那麼愛我 乾嘛演出細節不在意的樣子是我最後的表演是因為愛你我才選擇表演 這種成全",0
你，好不好？,周興哲,"是不是 還那麼愛遲到熬夜工作 又睡不好等你 完成你的目標要戒掉逞強的嗜好都怪我把自尊放太高 沒有把你照顧好驕傲 是脆弱的外表最怕我的心 你不要能不能繼續 對我哭 對我笑 對我好繼續讓我 為你想 為你瘋 陪你老你好不好 好想知道別急著把回憶都丟掉我只需要你在身邊 陪我吵 陪我鬧用好的我 把過去壞的我 都換掉好想聽到 你堅決說愛我可惜回不去那一秒你，好不好？天知道 我快要受不了後悔 鑽進心裡燒擁抱 再多一次就好你要的 我都做得到能不能繼續 對我哭 對我笑 對我好繼續讓我 為你想 為你瘋 陪你老給你的好 還要不要答案我卻不敢揭曉我只需要你在身邊 陪我吵 陪我鬧別用離開教我 失去的人最重要別說 你曾經愛過我讓我們回到那一秒你，好不好？能不能繼續 對我哭 對我笑 對我好繼續讓我 為你想 為你瘋 陪你老你好不好 我好想知道別急著把我的愛丟掉我只需要你在身邊 陪我吵 陪我鬧別用離開教我 失去的人最重要別說 你曾經愛過我讓我們回到那一秒你，好不好？",0
後來的我們,五月天,"然後呢 他們說你的心 似乎痊癒了也開始有個人 為你守護著我該心安或是 心痛呢然後呢其實我的日子 也還可以呢除了回憶肆虐 的某些時刻慶幸還有眼淚 沖淡苦澀而那些昨日 依然繽紛著它們都有我 細心收藏著也許你還記得 也許你都忘了也不是那麽 重要了只期待 後來的你 能快樂那就是 後來的我 最想的後來的我們 依然走著只是不再並肩了朝各自的人生 追尋了無論是 後來故事 怎麽了也要讓 後來人生 精彩著後來的我們 我期待著淚水中能看到 你真的 自由了親愛的回憶我們共同 走過的曲折是那些帶我們 來到了這一刻讓珍貴的人生 有失有得用新的幸福 把遺憾包著就這麽朝著 未來前進了有再多的不捨 也要狠心割捨別回頭看我 親愛的只期待 後來的你 能快樂那就是 後來的我 最想的後來的我們 依然走著只是不再並肩了朝各自的人生 追尋了無論是 後來故事 怎麽了也要讓 後來人生 精彩著後來的我們 我期待著淚水中能看到 你真的 幸福快樂在某處 另一個你 留下了在那裏 另一個我 微笑著另一個我們 還深愛著代替我們永恆著如果能這麽想 就夠了無論是 後來故事 怎麽了也要讓 後來人生 值得後來的我們 我期待著淚水中能看到 你真的 自由了",1
不該,周杰倫,"假裝我們還在一塊 我真的演不出來還是不習慣你不在 這身份轉變太快畫面裡不需要旁白 卻誰都看得出來是我情緒湧了上來 想哭卻一片空白雪地裡相愛 他們說零下 已結晶的誓言不會壞但愛的狀態 卻不會永遠 都冰封而透明的存在輕輕飄 落下來 許下的夢 融化得太快或許我們都不該醒來你還是住在我的回憶裡 不出來讓我們微笑離開 讓故事留下來放手後 愛依然在雪融了 就應該花開緣若盡了 就不該再重來你依舊住在我的回憶裡 不出來我離開將你的手交給 下個最愛(合：最愛)糾纏與固執等待 反而是另一種傷害彼此緊握的手鬆開 去擁抱更多未來錯過的時間怎麼買 誰都付不出來或許我們學會釋懷 讓過去安靜下來",0
可惜沒如果,林俊傑,"假如把犯得起的錯 能錯的都錯過應該還來得及去悔過假如沒把一切說破那一場小風波 將一笑帶過在感情面前 講什麼自我要得過且過 才好過全都怪我不該沉默時沉默 該勇敢時軟弱如果不是我 誤會自己灑脫 讓我們難過可當初的你 和現在的我 假如重來過倘若那天把該說的話好好說 該體諒的不執著如果那天我 不受情緒挑撥 你會怎麼做那麼多如果 可能如果我可惜沒如果 只剩下結果如果早點了解 那率性的你或者晚一點 遇上成熟的我不過全都怪我不該沉默時沉默 該勇敢時軟弱如果不是我 誤會自己灑脫 讓我們難過可當初的你 和現在的我 假如重來過倘若那天把該說的話好好說 該體諒的不執著如果那天我 不受情緒挑撥 你會怎麼做那麼多如果 可能如果我可惜沒如果 沒有你和我全都怪我不該沉默時沉默 該勇敢時軟弱如果不是我 誤會自己灑脫 讓我們難過可當初的你 和現在的我 假如重來過倘若那天把該說的話好好說 該體諒的不執著如果那天我 不受情緒挑撥 你會怎麼做那麼多如果 可能如果我可惜沒如果 只剩下結果可惜沒如果",0
演員,田馥甄,"簡單點 說話的方式簡單點遞進的情緒請省略你又不是個演員別設計那些情節沒意見 我只想看看你怎麼圓你難過的太表面 像沒天賦的演員觀眾一眼能看見該配合你演出的我 演視而不見在逼一個最愛你的人 即興表演什麼時候我們開始 收起了底線順應時代的改變 看那些拙劣的表演可你曾經那麼愛我 乾嘛演出細節我該變成什麼樣子 才能延緩厭倦原來當愛放下防備後的這些那些才是考驗沒意見 你想怎麼樣我都隨便你演技也有限 又不用說感言分開就平淡些該配合你演出的我 演視而不見別逼一個最愛你的人 即興表演什麼時候我們開始 沒有了底線順著別人的謊言 被動就不顯得可憐可你曾經那麼愛我 乾嘛演出細節我該變成什麼樣子 才能配合出演原來當愛放下防備後的這些那些都有個期限其實台下的觀眾就我一個其實我也看出你有點不捨場景也習慣我們來回拉扯還計較著什麼其實說分不開的也不見得其實感情最怕的就是拖著越演到重場戲越哭不出了是否還值得該配合你演出的我 盡力在表演像情感節目里的嘉賓 任人挑選如果還能看出我有愛你的那面請剪掉那些情節 讓我看上去體面可你曾經那麼愛我 乾嘛演出細節不在意的樣子是我最後的表演是因為愛你我才選擇表演 這種成全",0
以後別做朋友,周興哲,"習慣聽你分享生活細節害怕破壞完美的平衡點保持著距離一顆心的遙遠我的寂寞你就聽不見我走回從前你往未來飛遇見對的人錯過交叉點明明你就已經站在我面前我卻不斷揮手說再見以後別做朋友 朋友不能牽手想愛你的衝動 我只能笑著帶過最好的朋友 有些夢 不能說出口就不用承擔 會失去你的心痛劃一個安全的天空界線誰都不准為我們掉眼淚 放棄好好愛一個人的機會要看著你幸福到永遠以後別做朋友 朋友不能牽手想愛你的衝動 我只能笑著帶過最好的朋友 有些夢 不能說出口就不用承擔 會失去你的心痛忍住失控 太折磨 我自作自受回憶都是我 好不了的傷口以後還是朋友 還是你最懂我我們有始有終 就走到世界盡頭永遠的朋友 祝福我 遇見愛以後不會再懦弱 緊緊握住那雙手",0
修煉愛情,林俊傑,"憑什麼要失望 藏眼淚到心臟往事不會說謊別跟它為難我們兩人之間不需要這樣我想修煉愛情的心酸 學會放好以前的渴望我們那些信仰 要忘記多難遠距離的欣賞 近距離的迷惘誰說太陽會找到月亮別人有的愛 我們不可能模仿修煉愛情的悲歡 我們這些努力不簡單快樂煉成淚水 是一種勇敢幾年前的幻想 幾年後的原諒為一張臉去養一身傷別講想念我 我會受不了這樣記憶它真囂張 路燈把痛點亮情人一起看過多少次月亮他在天空看過多少次遺忘多少心慌修煉愛情的心酸 學會放好以前的渴望我們那些信仰 要忘記多難 遠距離的欣賞 近距離的迷惘誰說太陽會找到月亮別人有的愛 我們不可能模仿修煉愛情的悲歡 我們這些努力不簡單快樂煉成淚水 是一種勇敢幾年前的幻想 幾年後的原諒為一張臉去養一身傷別講想念我 我會受不了這樣 笑著說愛讓人瘋狂哭著說愛讓人緊張忘不了那個人就投降修煉愛情的悲歡 我們這些努力不簡單快樂煉成淚水 是一種勇敢 幾年前的幻想 幾年後的原諒為一張臉去養一身傷別講想念我 我會受不了這樣幾年前的幻想 幾年後的原諒為一張臉去養一身傷別講想念我 我會受不了這樣",0
你還要我怎樣,薛之謙,"你停在了這條我們熟悉的街把你準備好的台詞全念一遍我還在逞強 說著謊也沒能力遮擋 你去的方向至少分開的時候我落落大方我後來都會選擇繞過那條街又多希望在另一條街能遇見思念在逞強 不肯忘怪我沒能力跟隨 你去的方向若越愛越被動 越要落落大方你還要我怎樣 要怎樣你突然來的短信就夠我悲傷我沒能力遺忘 你不用提醒我哪怕結局就這樣我還能怎樣 能怎樣最後還不是落得情人的立場你從來不會想 我何必這樣我慢慢的回到自己的生活圈也開始可以接觸新的人選愛你到最後 不痛不癢留言在計較 誰愛過一場我剩下一張 沒後悔的模樣你還要我怎樣 要怎樣你千萬不要在我婚禮的現場我聽完你愛的歌 就上了車愛過你很值得我不要你怎樣 沒怎樣我陪你走的路你不能忘因為那是我 最快樂的時光後來我的生活還算理想沒為你落到孤單的下場有一天晚上 夢一場你白髮蒼蒼 說帶我流浪我還是沒猶豫 就隨你去天堂不管能怎樣 我會陪你到天亮",0
說散就散,JC,"抱一抱 就當作從沒有在一起好不好 要解釋都已經來不及算了吧 我付出過甚麼沒關係我忽略自己 就因為遇見你沒辦法 好可怕 那個我 不像話一直奮不顧身 是我太傻說不上愛別說謊 就一點喜歡說不上恨別糾纏 別裝作感嘆就當作我太麻煩 不停讓自己受傷我告訴我自己 感情就是這樣怎麼一不小心太瘋狂抱一抱 再好好覺悟不能長久好不好 有虧欠我們都別追究算了吧 我付出再多都不足夠我終於得救 我不想再獻醜沒辦法 不好嗎 大家都 不留下一直勉強相處 總會累垮別後悔 就算錯過在以後 你少不免想起我還算不錯當我不在你會不會難過你夠不夠我這樣灑脫說不上愛別說謊 就一點喜歡說不上恨別糾纏 別裝作感嘆將一切都體諒 將一切都原諒我嘗試找答案 而答案很簡單簡單得很遺憾 因為成長我們逼不得已要習慣因為成長 我們忽爾間說散就散",0
她說,林俊傑,"他靜悄悄地來過 他慢慢帶走沉默只是最後的承諾 還是沒有帶走了寂寞我們愛的沒有錯 只是美麗的獨秀太折磨她說無所謂只要能在夜裡翻來覆去的時候有寄託等不到天黑 煙火不會太完美回憶燒成灰 還是等不到結尾她曾說的無所謂 我怕一天一天被摧毀等不到天黑 不敢凋謝的花蕾綠葉在跟隨 放開刺痛的滋味今後不再怕天明 我想只是害怕清醒他靜悄悄地來過 他慢慢帶走沉默只是最後的承諾 還是沒有帶走了寂寞我們愛的沒有錯 只是美麗的獨秀太折磨她說無所謂只要能在夜裡翻來覆去的時候有寄託 等不到天黑 煙火不會太完美回憶燒成灰 還是等不到結尾她曾說的無所謂 我怕一天一天被摧毀等不到天黑 不敢凋謝的花蕾綠葉在跟隨 放開刺痛的滋味今後不再怕天明 我想只是害怕清醒等不到天黑 煙火不會太完美回憶燒成灰 還是等不到結尾她曾說的無所謂 我怕一天一天被摧毀等不到天黑 不敢凋謝的花蕾綠葉在跟隨 放開刺痛的滋味今後不再怕天明 我想只是害怕清醒不怕天明 我想只是害怕清醒",0
晴天,周杰倫,"故事的小黃花　從出生那年就飄著童年的盪鞦韆　隨記憶一直晃到現在吹著前奏望著天空　我想起花瓣試著掉落為妳翹課的那一天　花落的那一天　教室的那一間　我怎麼看不見消失的下雨天　我好想再淋一遍　沒想到失去的勇氣我還留著好想再問一遍　妳會等待還是離開颳風這天　我試過握著妳手　但偏偏　雨漸漸　大到我看妳不見還要多久　我才能在妳身邊　等到放晴的那天　也許我會比較好一點從前從前　有個人愛妳很久　但偏偏　風漸漸　把距離吹得好遠好不容易　又能再多愛一天　但故事的最後妳好像還是說了拜拜颳風這天　我試過握著妳手　但偏偏　雨漸漸　大到我看妳不見還要多久　我才能夠在妳身邊　等到放晴的那天　也許我會比較好一點從前從前　有個人愛妳很久　但偏偏　風漸漸　把距離吹得好遠好不容易　又能再多愛一天　但故事的最後妳好像還是說了拜",0
不為誰而作的歌,林俊傑,"原諒我這一首 不為誰而作的歌感覺上彷彿窗外的夜色曾經有那一刻 回頭竟然認不得需要 從記憶再摸索 的人 和他們關心的的地方 和那些走過的 請等一等夢為努力澆了水 愛在背後往前推當我抬起頭才發覺 我是不是忘了誰累到整夜不能睡 夜色哪裡都是美一定有個人 她 躲過 避過 閃過 瞞過她是誰 她是誰原諒我這一首 不為誰而作的歌感覺上彷彿窗外的夜色曾經有那一刻 回頭竟然認不得需要 從記憶再摸索 的人 和他們關心的的地方 和那些走過的夢為努力澆了水 愛在背後往前推當我抬起頭才發覺 我是不是忘了誰累到整夜不能睡 夜色哪裡都是美一定有個人 他 躲過 避過 閃過 瞞過他是誰 他是誰也許在真實面對自己才不顧一切去探究當初我害怕面對夢為努力澆了水 愛在背後往前推當我抬起頭才發覺 我是不是忘了誰累到整夜不能睡 夜色哪裡都是美一定有個他 躲過 避過 閃過 瞞過他是誰 他是誰 他是誰",0
醜八怪,薛之謙,"如果世界漆黑 其實我很美在愛情裡面進退 最多被消費無關痛癢的是非又怎麼不對 無所謂如果像你一樣 總有人讚美圍繞著我的卑微 也許能消退其實我並不在意 有很多機會像巨人一樣的無畏放縱我心裡的鬼可是我不配醜八怪 能否別把燈打開我要的愛 出沒在漆黑一片的舞台醜八怪 在這曖昧的時代我的存在 像意外有人用一滴淚 會紅顏禍水有人丟掉稱謂 什麼也不會只要你足夠虛偽 就不怕魔鬼 對不對如果劇本寫好 誰比誰高貴我只能沉默以對 美麗本無罪當慾望開始貪杯 有很多機會像塵埃一樣的無畏化成灰 誰認得誰管他配不配醜八怪 能否別把燈打開我要的愛 出沒在漆黑一片的舞台醜八怪 在這曖昧的時代我的存在 不意外醜八怪 其實見多就不怪放肆去HIGH 用力踩那不堪一擊的潔白醜八怪 這是我們的時代我不存在 才意外",0
突然好想你,五月天,"最怕空氣突然安靜 最怕朋友突然的關心最怕回憶 突然翻滾絞痛著不平息 最怕突然 聽到你的消息想念如果會有聲音 不願那是悲傷的哭泣事到如今 終於讓自己屬於我自己 只剩眼淚 還騙不過自己突然好想你 你會在哪裡 過得快樂或委屈突然好想你 突然鋒利的回憶 突然模糊的眼睛我們像一首最美麗的歌曲 變成兩部悲傷的電影為什麼你 帶我走過最難忘的旅行 然後留下 最痛的紀念品我們 那麼甜那麼美那麼相信 那麼瘋那麼熱烈的曾經為何我們還是要奔向各自的幸福和遺憾中老去突然好想你 你會在哪裡 過得快樂或委屈突然好想你 突然鋒利的回憶 突然模糊的眼睛最怕空氣突然安靜 最怕朋友突然的關心最怕回憶 突然翻滾絞痛著不平息 最怕突然 聽到你的消息最怕此生 已經決心自己過沒有你 卻又突然 聽到你的消息",0
說好的幸福呢,周杰倫,"妳的回話凌亂著 在這個時刻我想起噴泉旁的白鴿 甜蜜散落了情緒莫名的拉扯 我還愛妳呢而妳斷斷續續唱著歌 假裝沒事了時間過了 走了 愛情面臨選擇 妳冷了 倦了 我哭了離開時的不快樂 妳用卡片手寫著 有些愛只給到這 真的痛了怎麼了 妳累了 說好的 幸福呢我懂了 不說了 愛淡了 夢遠了開心與不開心一一細數著 妳再不捨那些愛過的感覺都太深刻 我都還記得妳不等了 說好的 幸福呢我錯了 淚乾了 放手了 後悔了只是回憶的音樂盒還旋轉著 要怎麼停呢妳的回話凌亂著 在這個時刻我想起噴泉旁的白鴿 甜蜜散落了情緒莫名的拉扯 我還愛妳呢而妳斷斷續續唱著歌 假裝沒事了時間過了 走了 愛情面臨選擇 妳冷了 倦了 我哭了離開時的不快樂 妳用卡片手寫著 有些愛只給到這 真的痛了(吼~~~)怎麼了 妳累了 說好的 幸福呢我懂了 不說了 愛淡了 夢遠了開心與不開心一一細數著 妳再不捨那些愛過的感覺都太深刻 我都還記得妳不等了 說好的 幸福呢我錯了 淚乾了 放手了 後悔了只是回憶的音樂盒還旋轉著 要怎麼停呢怎麼了 妳累了 說好的 幸福呢我懂了 不說了 愛淡了 夢遠了我都還記得妳不等了 說好的 幸福呢我錯了 淚乾了 放手了 後悔了只是回憶的音樂盒還旋轉著 要怎麼停呢",0
妮妮,那對夫妻,"妮 可以公主病 可以鬧脾氣只要你愛笑的眼睛妮 一見就鍾情 說不出原因感覺那麼熟悉 緣來就注定就讓我牽著妮 就讓我守護妮不讓你受到任何的委屈我會永遠擁你在懷裡讓你放肆鬧脾氣就讓我牽著妮 就讓我保護妮自從你出現在我生命裡讓我變成了專屬的兩個他讓我擁有了愛的家 永遠吧妮 可愛的眼睛 迷人的聲音我願意做你的玩具妮 是我的生命 最美的事情為你擋風遮雨 永遠都可以就讓我牽著妮 就讓我守護妮不讓你受到任何的委屈我會永遠擁你在懷裡讓你放肆鬧脾氣就讓我牽著你 就讓我保護妮自從你出現在我生命裡讓我變成了專屬的兩個他讓我擁有了愛的家 永遠吧愛著妳我不顧一切永遠那個他我願付出所有我不能沒有她Oh～牽著妮～守護妮～受到任何的委屈我會永遠擁妳在懷裡讓妳放肆鬧脾氣就讓我牽著妮 就讓我保護妮自從妳出現在我生命裡讓我變成了專屬的兩個他讓我擁有了愛的家 永遠吧",1
剛剛好,薛之謙,"如果有人在燈塔撥弄她的頭髮思念刻在牆和瓦如果感情會掙扎沒有說的儒雅把挽回的手放下鏡子裡的人說假話違心的樣子你決定了嗎裝聾或者作啞 要不我先說話我們的愛情 到這剛剛好剩不多也不少 還能忘掉我應該可以 把自己照顧好我們的距離 到這剛剛好不夠我們擁抱 就挽回不了用力愛過的人 不該計較是否要逼人棄了假亮出一條傷疤不堪的根源在哪可是感情會掙扎沒有別的辦法它勸你不如退下如果分手太複雜 流浪的歌手會放下吉他故事要美必須藏著真話我們的愛情 到這剛剛好剩不多也不少 還能忘掉我應該可以 把自己照顧好我們的距離 到這剛剛好不夠我們擁抱 就挽回不了用力愛過的人 不該計較我們的愛情到這剛剛好再不爭也不吵 不必再煎熬你可以不用 記得我的好我們的流浪到這剛剛好趁我們還沒到 天涯海角我也不是非要去那座城堡天空有些暗了暗的剛剛好我難過的樣子就沒人看到你別太在意我身上的記號",0
讓我留在你身邊,陳奕迅,"我從來不說話因為我害怕 沒有人回答我從來不掙扎因為我知道 這世界太大太多時間浪費 太多事要面對太多已無所謂 太多難辨真偽太多紛擾是非 在你身邊是誰最渺小的我 有大大的夢時間向前走一定只有路口沒有盡頭紛紛擾擾這個世界 所有的了解只要 讓我留在你身邊最渺小的我 有大大的夢我願意安靜的活在每個有你的角落如果生活還有什麼 會讓你難過別怕 讓我留在你身邊 都陪你渡過最渺小的我 最卑微的夢我發現這世界沒有那麼那麼的不同現實如果對你不公 別計較太多走吧 暴風雨後的彩虹也許會落空 也許會普通也許這庸庸碌碌的黑白世界你不懂生命中所有的路口 絕不是盡頭別怕 讓我留在你身邊 都陪你度過",1
攔淺,周杰倫,"久未放晴的天空 依舊留著妳的笑容哭過 卻無法掩埋歉疚風箏在陰天擱淺 想念還在等待救援我拉著線 複習妳給的溫柔曝曬在一旁的寂寞 笑我給不起承諾怎麼會怎麼會妳竟原諒了我我只能永遠讀著對白 讀著我給妳的傷害我原諒不了我 就請妳當作我已不在我睜開雙眼看著空白 忘記妳對我的期待讀完了依賴 我很快就離開久未放晴的天空 依舊留著妳的笑容哭過 卻無法掩埋歉疚風箏在陰天擱淺 想念還在等待救援我拉著線 複習妳給的溫柔曝曬在一旁的寂寞 笑我給不起承諾怎麼會怎麼會妳竟原諒了我我只能永遠讀著對白 讀著我給妳的傷害我原諒不了我 就請妳當作我已不在我睜開雙眼看著空白 忘記妳對我的期待讀完了依賴 我很快就我只能永遠讀著對白 讀著我給妳的傷害我原諒不了我 就請妳當作我已不在我睜開雙眼看著空白 忘記妳對我的期待讀完了依賴 我很快就離開我很快就離開",0
美女與野獸,田馥甄,"海洋與星空本來不相通朝夕相對中在互相感動在互相包容我們的天空吹不同的風看你的笑容誰能不動容愛在蔓延中我們能想象愛情的力量比歲月堅強戰勝了别人奇異的目光愛就像彩虹愛就像彩虹就只有一種能為你心痛最大的光榮愛在蔓延中愛在蔓延中我們能想象愛情的力量愛情的力量比歲月堅強戰勝了别人奇異的目光我們的天空我們的天空吹不同的風看你的笑容誰能不動容愛在蔓延中看你的笑容誰能不動容 愛在蔓延中眼神能見證不是一場夢愛在蔓延中",1
明明就,周杰倫,"糖果罐裡好多顏色　微笑卻不甜了你的某些快樂　在沒有我的時刻中古世紀的城市裡　我想就走到這海鷗不再眷戀大海　可以飛更遠遠方傳來風笛　我只在意有你的消息城堡為愛守著秘密　而我為你守著回憶明明就不習慣牽手　為何卻主動把手勾你的心事太多　我不會戳破明明就他比較溫柔　也許他能給你更多不用抉擇　我會自動變朋友糖果罐裡好多顏色　微笑卻不甜了你的某些快樂　在沒有我的時刻中古世紀的城市裡　我想就走到這海鷗不再眷戀大海　可以飛更遠遠方傳來風笛　我只在意有你的消息城堡為愛守著秘密　而我為你守著回憶明明就不習慣牽手　為何卻主動把手勾你的心事太多　我不會戳破明明就他比較溫柔　也許他能給你更多不用抉擇　我會自動變朋友明明就　明明就　明明就他比較溫柔　也許他能給你更多不用抉擇　我會自動變朋友",0
珊瑚海,周杰倫,"海平面遠方開始陰霾 悲傷要怎麼平靜純白我的臉上 始終夾帶 一抹淺淺的無奈你用唇語說你要離開 (心不在)那難過無聲慢了下來洶湧潮水 你聽明白不是浪而是淚海轉身離開 (你有話說不出來) 分手說不出來海鳥跟魚相愛 只是一場意外我們的愛 (給的愛) 差異一直存在 (回不來)風中塵埃 (等待)竟累積成傷害轉身離開 (分手說不出來) 分手說不出來蔚藍的珊瑚海 錯過瞬間蒼白當初彼此(妳我都) 不夠成熟坦白 (不應該)熱情不在 (你的)笑容勉強不來愛深埋珊瑚海毀壞的沙雕如何重來 有裂痕的愛怎麼重蓋只是一切 結束太快 妳說妳無法釋懷貝殼裡隱藏什麼期待 (等花兒開 )我們也已經無心再猜面向海風(面向海風)鹹鹹的愛(鹹鹹的愛)嚐不出還有未來轉身離開 (你有話說不出來) 分手說不出來海鳥跟魚相愛 只是一場意外我們的愛 (給的愛) 差異一直存在 (回不來)風中塵埃 (等待)竟累積成傷害轉身離開 (分手說不出來) 分手說不出來蔚藍的珊瑚海 錯過瞬間蒼白當初彼此(妳我都) 不夠成熟坦白 (不應該)熱情不在 (你的)笑容勉強不來愛深埋珊瑚海",0
算什麼男人,周杰倫,"親吻你的手 還靠著你的頭讓你躺胸口 那個人已不是我這些平常的舉動 現在叫做難過喔～難過日子開始過 我沒你照樣過不會很難受 我會默默的接受反正在一起時 你我都有開心過就足夠我的溫暖 你的冷漠 讓愛起霧了如果愛心 畫在起霧 的窗是模糊還是更清楚你算什麼男人 算什麼男人眼睜睜看 她走卻不聞不問是有多天真 就別再硬撐期待你挽回 你卻拱手讓人你算什麼男人 算什麼男人還愛著她 卻不敢叫她再等沒差 你再繼續認份她會遇到更好的男人親吻你的手 還靠著你的頭讓你躺胸口 那個人已不是我這些平常的舉動 現在叫做難過喔～難過日子開始過 我沒你照樣過不會很難受 我會默默的接受反正在一起時 你我都有開心過就足夠我的溫暖 你的冷漠 讓愛起霧了如果愛心 畫在起霧 的窗是模糊還是更清楚你算什麼男人 算什麼男人眼睜睜看 她走卻不聞不問是有多天真 就別再硬撐期待你挽回 你卻拱手讓人你算什麼男人 算什麼男人還愛著她 卻不敢叫她再等沒差 你再繼續認份她會遇到更好的男人你算什麼男人 算什麼男人眼睜睜看 她走卻不聞不問是有多天真 就別再硬撐期待你挽回 卻拱手讓人你算什麼男人 算什麼男人還愛著她 卻不敢叫她再等沒差 你再繼續認份她會遇到更好的男人",0
好好,五月天,"想把你寫成一首歌 想養一隻貓想要回到每個場景 撥慢每隻錶我們在小孩和大人的轉角 蓋一座城堡我們好好 好到瘋掉 像找回失散多年雙胞生命再長不過 煙火 落下了眼角世界再大不過 你我 凝視的微笑在所有流逝風景與人群中 你對我最好一切好好 是否太好 沒有人知道你和我背著空空的書包逃出名為日常的監牢忘了要長大忘了要變老忘了時間有腳最安靜的時刻 回憶 總是最喧囂最喧囂的狂歡 寂寞 包圍著孤島還以為馴服想念能陪伴我 像一隻家貓它就窩在 沙發一角 卻不肯睡著你和我曾有滿滿的羽毛跳著名為青春的舞蹈不知道未來不知道煩惱不知那些日子 會是那麼少時間的電影 結局才知道原來大人已沒有童謠最後的叮嚀最後的擁抱我們紅著眼笑我們都要把自己照顧好好到遺憾無法打擾好好的生活好好的變老好好假裝 我已經把你忘掉",1
淘汰,陳奕迅,"我說了所有的謊　你全都相信簡單的我愛你　你卻老不信你書裡的劇情　我不想上演因為我喜歡喜劇收尾我試過完美放棄　的確很踏實醒來了　夢散了　你我都走散了情歌的詞何必押韻　就算我是Ｋ歌之王也不見得把愛情唱得完美只能說我輸了　也許是你怕了我們的回憶沒有皺摺你卻用離開燙下句點只能說我認了　你的不安贏得你信任我卻得到你安慰的淘汰",0
彩虹,周杰倫,"哪裡有彩虹告訴我 能不能把我的願望還給我為什麼天這麼安靜 所有的雲都跑到我這裡有沒有口罩一個給我 釋懷說了太多就成真不了也許時間是一種解藥 也是我現在正服下的毒藥看不見妳的笑 我怎麼睡得著妳的聲音這麼近我卻抱不到沒有地球 太陽還是會繞沒有理由 我也能自己走妳要離開 我知道很簡單妳說依賴 是我們的阻礙就算放開 但能不能別沒收我的愛 當作我最後才明白有沒有口罩一個給我 釋懷說了太多就成真不了也許時間是一種解藥 也是我現在正服下的毒藥看不見妳的笑 我怎麼睡得著 妳的聲音這麼近我卻抱不到沒有地球 太陽還是會繞 沒有理由 我也能自己走妳要離開 我知道很簡單 妳說依賴 是我們的阻礙就算放開 但能不能別沒收我的愛 當作我最後才明白看不見妳的笑 要我怎麼睡得著妳的聲音這麼近我卻抱不到沒有地球太陽還是會繞會繞沒有理由我也能自己走掉釋懷說了太多就成真不了也許時間是一種解藥解藥也是我現在正服下的毒藥妳要離開 我知道很簡單 妳說依賴 是我們的阻礙就算放開 但能不能別沒收我的愛 當作我最後才明白",0
派對動物,五月天,"Let's go party party all nightOh oh oh ohHey lonely lonely goodbyeOh oh oh oh我們都有覺悟 要瘋狂到日出我們 天生 就是我很嚴肅這不能耽誤 這不能讓步那現實中 已經有太多讓步Hey 派對動物 別找退路不會跳舞 就不要跳舞 搖擺也幸福就閉著眼 以空氣吉他飆速Hey 派對動物 不要認輸你不孤獨 朋友滿屋 瘋狂胡鬧 瘋狂慶祝Let's go party party all night Oh oh oh ohAnd many many good times Oh oh oh oh不願被當寵物 寧願變成怪物噢噢 Oh oh oh oh入不敷出水電和房租 成績和任務這泡沫般人生 是那麼辛苦Hey 派對動物 是否麻木 你忘了笑 還忘了能哭本性被馴服花兩億年 進化卻沒有進步Hey 派對動物無論你是貓咪老虎 麻雀蝙蝠都要驕傲 都要大步Let's go party party all night Oh oh oh ohAnd many many good times Oh oh oh oh不願被當寵物 寧願變成怪物噢噢 Oh oh oh ohLet's go party party all night Oh oh oh ohHey lonely lonely goodbye Oh oh oh oh我們都有覺悟 要瘋狂到日出我們 天生 就是 派對動物Let's go party party all night Oh oh oh ohAnd many many good times Oh oh oh oh人生難得糊塗 偶爾脫軌演出噢噢 Oh oh oh ohLet's go party party all night Oh oh oh ohHey lonely lonely goodbye Oh oh oh oh我們都有覺悟 要瘋狂到日出我們 天生 就是 派對動物",0
不能說的秘密,周杰倫,"冷咖啡離開了杯墊　我忍住的情緒在很後面拼命想挽回的從前　在我臉上依舊清晰可見最美的不是下雨天　是曾與妳躲過雨的屋簷回憶的畫面　在盪著鞦韆　夢開始不甜妳說把愛漸漸放下會走更遠　又何必去改變　已錯過的時間妳用妳的指尖阻止我說再見　想像妳在身邊　在完全失去之前妳說把愛漸漸放下會走更遠　或許命運的籤　只讓我們遇見只讓我們相戀這一季的秋天　飄落後才發現　這幸福的碎片要我怎麼撿",0
安靜,周杰倫,"只剩下鋼琴陪我彈了一天睡著的大提琴　安靜的舊舊的我想你已表現的非常明白我懂我也知道　你沒有捨不得你說你也會難過我不相信牽著你陪著我　也只是曾經希望他是真的比我還要愛你我才會逼自己離開你要我說多難堪　我根本不想分開為什麼還要我用微笑來帶過我沒有這種天份　包容你也接受他不用擔心的太多　我會一直好好過你已經遠遠離開　我也會慢慢走開為什麼我連分開都遷就著你我真的沒有天份　安靜的沒這麼快我會學著放棄你　是因為我太愛你",0
如果我們不曾相遇,五月天,"如果我們不曾相遇 我會是在哪裡？如果我們從不曾相識 不存在這首歌曲每秒都活著 每秒都死去 每秒都問著自己誰不曾找尋 誰不曾懷疑 茫茫人生奔向何地？那一天 那一刻 那個場景 你出現在我生命從此後 從人生 重新定義 從我故事裡甦醒如果我們不曾相遇 你又會在哪裡？如果我們從不曾相識 人間又如何運行？曬傷的脫皮 意外的雪景 與你相依的四季蒼狗又白雲 身旁有了你 匆匆輪迴又有何懼？那一天 那一刻 那個場景 你出現在我生命每一分 每一秒 每個表情 故事都充滿驚奇「偶然與巧合 舞動了蝶翼 誰的心頭風起」「前仆而後繼 萬千人追尋 荒漠唯一菩提」「是擦身相遇 或擦肩而去 命運猶如險棋」「無數時間線 無盡可能性 終於交織向你」那一天 那一刻 那個場景 你出現在我生命未知的 未來裡 未定機率 然而此刻擁有你某一天 某一刻 某次呼吸 我們終將再分離而我的 自傳裡 曾經有你 沒有遺憾的詩句詩句裡充滿感激如果我們不曾相遇 我會是在哪裡？如果我們從不曾相識 不存在這首歌曲",0
薄公英的約定,周杰倫,"小學籬芭旁的蒲公英是記憶裡有味道的風景午睡操場傳來蟬的聲音多少年後也還是很好聽將願望折紙飛機寄成信因為我們等不到那流星認真投決定命運的硬幣卻不知道到底能去哪裡一起長大的約定 那樣清晰 打過勾的我相信 說好要一起旅行 是妳如今 唯一堅持的任性在走廊上罰站打手心 我們卻注意窗邊的蜻蜓我去到哪裡妳都跟很緊 很多的夢在等待著進行一起長大的約定 那樣清晰 打過勾的我相信說好要一起旅行 是妳如今 唯一堅持的任性一起長大的約定 那樣真心 與妳聊不完的曾經而我已經分不清 妳是友情 還是錯過的愛情",1
給我一個理由忘記,A-Lin,"雨都停了 這片天灰什麼呢我還記得 你說我們要快樂深夜裡的腳步聲 總是刺耳害怕寂寞 就讓狂歡的城市陪我關燈只是哪怕周圍再多人 感覺還是一個人每當我笑了 心卻狠狠的哭著給我一個理由忘記 那麼愛我的你給我一個理由放棄 當時做的決定有些愛 越想抽離卻越更清晰而最痛的距離 是你不在身邊 卻在我的心裡當我走在 去過的每個地方總會聽到 你那最自由的笑 當我回到 一個人住的地方最怕看到冬天你最愛穿的那件外套只是哪怕周圍再多人 感覺還是一個人每當我笑了 心卻狠狠的哭著給我一個理由忘記 那麼愛我的你給我一個理由放棄 當時做的決定有些愛 越想抽離卻越更清晰而最痛的距離 是你不在身邊 卻在我的心裡我找不到理由忘記 大雨裡的別離我找不到理由放棄 我等你的決心有些愛 越想抽離卻越更清晰而最痛的距離 是你不在身邊 卻在我的心裡我想你",0
光年之外,鄧紫棋,"感受停在我髮端的指尖如何瞬間 凍結時間記住望著我堅定的雙眼也許已經 沒有明天面對浩瀚的星海我們微小得像塵埃漂浮在 一片無奈緣份讓我們相遇亂世以外命運卻要我們危難中相愛也許未來遙遠在光年之外我願守候未知裡為你等待我沒想到 為了你 我能瘋狂到山崩海嘯 沒有你 根本不想逃我的大腦 為了你 已經瘋狂到脈搏心跳 沒有你 根本不重要一雙圍在我胸口的臂彎足夠抵擋 天旋地轉一種執迷不放手的倔強足以點燃 所有希望宇宙磅礡而冷漠 我們的愛微小卻閃爍顛簸 卻如此忘我緣份讓我們相遇亂世以外命運卻要我們危難中相愛也許未來遙遠在光年之外我願守候未知裡為你等待我沒想到 為了你 我能瘋狂到山崩海嘯 沒有你 根本不想逃我的大腦 為了你 已經瘋狂到脈搏心跳 沒有你 根本不重要也許航道以外 是醒不來的夢亂世以外 是純粹的相擁我沒想到 為了你 我能瘋狂到山崩海嘯 沒有你 根本不想逃我的大腦 為了你 已經瘋狂到脈搏心跳 沒有你 根本不重要相遇亂世以外 危難中相愛相遇亂世以外 危難中相愛我沒想到",1
一路向北,周杰倫,"後視鏡裏的世界　越來越遠的道別你轉身向背(北) 側臉還是很美我用眼光去追　竟聽見著你的淚在車窗外面徘徊　是我錯失的機會你站的方位　跟我中間隔著淚街景一直在後退　你的崩潰在窗外零碎我一路向北　離開有你的季節你說你好累　已無法再愛上誰風在山路吹　過往的畫面全都是我不對細數慚愧　我傷你幾回我一路向北　離開有你的季節方向盤周圍　回轉著我的後悔我加速超越　卻甩不掉緊緊跟隨的傷悲細數慚愧　我傷你幾回停止狼狽　就讓錯純粹",0
我不願讓你一個人,五月天,"你說呢　明知你不在　還是會問空氣　卻不能代替你　出聲習慣　像永不癒合　的固執傷痕一思念就撕裂靈魂把相片　讓你能保存　多洗一本毛衣　也為你準備多　一層但是　你孤單時刻　安慰的體溫怎麼為你多留一份我不願讓你一個人　一個人在人海浮沉我不願你　 獨自走過風雨的時分我不願讓你一個人　承受這世界的殘忍我不願眼淚陪你到　永恆你走後　愛情的遺跡　像是空城遺落你杯子手套和　笑聲最後　你只帶走你　脆弱和單純和我最放不下的人也許未來　你會找到　懂你疼你　更好的人下段旅程　你一定要　更幸福豐盛我不願讓你一個人　一個人在人海浮沉我不願你獨自走過　風雨的　時分我不願讓你一個人　承受這世界的殘忍我不願眼淚陪你到　永恆你說呢　明知你不在　還是會問只因　習慣你滿足的　眼神只是　我最後一個　奢求的可能只求你有快樂人生只求命運　帶你去一段　全新的旅程往幸福的天涯飛奔別回頭就往前飛奔請忘了我還一個人",1
開不了口,周杰倫,"才離開沒多久就開始　擔心今天的妳過得好不好整個畫面是妳　想妳想的睡不著嘴嘟嘟那可愛的模樣　還有在妳身上香香的味道我的快樂是妳　想妳想的都會笑沒有妳在我有多難熬(沒有妳在我有多難熬多煩惱)沒有妳煩我有多煩惱(沒有妳煩我有多煩惱多難熬)穿過雲層　我試著努力向妳奔跑愛才送到　妳卻已在別人懷抱就是開不了口　讓她知道我一定會呵護著妳　也逗妳笑妳對我有多重要　我後悔沒　讓妳知道安靜的聽妳撒嬌　看妳睡著　一直到老就是開不了口　讓她知道就是那麼簡單幾句　我辦不到整顆心懸在半空　我只能夠　遠遠看著這些我都做得到　但那個人已經不是我",0
給我一首歌的時間,周杰倫,"雨淋濕了天空 毀得很講究妳說妳不懂 為何在這時牽手我曬乾了沉默 悔得很衝動就算這是做錯 也只是怕錯過在一起叫 夢分開了叫 痛是不是說 沒有做完的夢最痛迷路的後 果我能承受 這最後的出口在愛過了才有能不能給我一首歌的時間緊緊的把那擁抱變成永遠在我的懷裡妳不用害怕失眠哦 如果妳想忘記我也能失憶能不能給我一首歌的時間把故事聽到最後才說再見妳送我的眼淚 讓它留在雨天哦 越過妳劃的線我定了勇氣 的終點雨淋濕了天空 毀得很講究妳說妳不懂 我為何在這時牽手我曬乾了沉默 悔得很衝動就算這是做錯 也只是怕錯過在一起叫 夢分開了叫 痛是不是說 沒有做完的夢最痛迷路的後 果我能承受 這最後的出口在愛過了才有能不能給我一首歌的時間緊緊的把那擁抱變成永遠在我的懷裡妳不用害怕失眠哦 如果妳想忘記我也能失憶能不能給我一首歌的時間把故事聽到最後才說再見妳送我的眼淚 讓它留在雨天哦 越過妳劃的線我定了勇氣 的終點哦 妳說我不該不該 不該在這時候說了我愛妳要怎麼證明我沒有說謊的力氣 哦 請告訴我暫停算不算放棄 我只有一天的回憶能不能給我一首歌的時間緊緊的把那擁抱變成永遠在我的懷裡妳不用害怕失眠哦 如果妳想忘記我也能失憶能不能給我一首歌的時間把故事聽到最後才說再見妳送我的眼淚 讓它留在雨天哦 越過妳劃的線我定了勇氣 的終點妳說我不該不該 不該在這時說了愛妳要怎麼證明我沒有力氣 告訴我暫停算不算放棄妳說我不該不該 不該在這時才說愛妳要怎麼證明我沒有力氣 我只有一天的回憶",1
龍捲風,周杰倫,"愛像一陣風　吹完它就走這樣的節奏　誰都無可奈何沒有妳以後　我靈魂失控黑雲在降落　我被它拖著走靜靜悄悄默默離開陷入了危險邊緣 Baby我的世界已狂風暴雨 Wu愛情來的太快　就像龍捲風離不開暴風圈　來不及逃我不能再想　我不能再想我不　我不　我不能愛情走的太快　就像龍捲風不能承受　我已無處可躲我不要再想　我不要再想我不　我不　我不要再想你不知不覺　你已經離開我不知不覺　我跟了這節奏後知後覺　又過了一個秋後知後覺　我該好好生活靜靜悄悄默默離開陷入了危險邊緣 Baby我的世界已狂風暴雨 Wu愛情來的太快　就像龍捲風離不開暴風圈　來不及逃我不能再想　我不能再想我不　我不　我不能愛情走的太快　就像龍捲風不能承受　我已無處可躲我不要再想　我不要再想我不　我不　我不要再想你～愛情來的太快　就像龍捲風離不開暴風圈　來不及逃我不能再想　我不能再想我不　我不　我不能愛情走的太快　就像龍捲風不能承受　我已無處可躲我不要再想　我不要再想我不　我不　我不要再想你～不知不覺　你已經離開我不知不覺　我跟了這節奏後知後覺　又過了一個秋後知後覺　我該好好生活不知不覺　你已經離開我不知不覺　我跟了這節奏後知後覺　又過了一個秋後知後覺　我該好好生活　不知不覺　你已經離開我不知不覺　我跟了這節奏後知後覺　後知後覺",0
說謊,林宥嘉,"是有過幾個不錯對象 說起來並不寂寞孤單可能我浪蕩 讓人家不安 才會結果都陣亡我沒有什麼陰影魔障 妳千萬不要放在心上我又不脆弱 何況那算什麼傷反正愛情不就都這樣我沒有說謊 我何必說謊妳懂我的 我對妳從來就不會假裝我哪有說謊 請別以為妳有多難忘笑是真的不是我逞強我好久沒來這間餐廳 沒想到已經換了裝潢角落那窗口 聞得到玫瑰花香被妳一說是有些印象我沒有說謊 我何必說謊妳知道的 我缺點之一就是很健忘我哪有說謊 是很感謝今晚的相伴但我竟然有些不習慣我沒有說謊 我何必說謊愛一個人 沒愛到難道就會怎麼樣別說我說謊 人生已經如此的艱難有些事情就不要拆穿我沒有說謊 是愛情說謊它帶妳來 騙我說 渴望的 有可能 有希望我沒有說謊 祝妳做個幸福的新娘我的心事請妳就 遺忘",0
當你,田馥甄,"如果有一天 我回到從前回到最原始的我 你是否 會覺得我不錯如果有一天 我離你遙遠不能再和你相約 你是否會發覺 我已經說再見當你的眼睛 瞇著笑 當你喝可樂 當你吵我想對你好 你從來不知道 想你 想你 也會變成嗜好當你說今天的煩惱 當你說夜深 你睡不著我想對你說 卻害怕都說錯 好喜歡你 知不知道如果有一天 夢想都實現回憶都成了永遠 你是否還會 記得今天如果有一天 我們都發覺 ( 我們都要發覺 )原來什麼都可以 我們是否還會 停留在這裡當你的眼睛 瞇著笑 當你喝可樂 當你吵我想對你好 你從來不知道 想你 想你 也能成為嗜好當你說今天的煩惱 當你說夜深 你睡不著我想對你說 卻害怕都說錯 好喜歡你 知不知道也許空虛 讓我想得太多 也許該回到被窩夢裡會相遇 就毫不猶豫 大聲的說我要說當你的眼睛 瞇著笑 當你喝可樂 當你吵我想對你好 你從來不知道 想你 想你 也能成為嗜好啦 ~ ~ ~ 啦 ~ ~ ~我想對你說 卻害怕都說錯 好喜歡你 知不知道啦 ~ ~ ~ 啦 ~ ~ ~",1
最長的電影,周杰倫,"我們的開始 是很長的電影放映了三年 我票都還留著冰上的芭蕾 腦海中還在旋轉望著妳 慢慢忘記妳朦朧的時間 我們溜了多遠冰刀劃的圈 圈起了誰改變如果再重來 會不會稍嫌狼狽愛是不是不開口才珍貴再給我兩分鐘 讓我把記憶結成冰別融化了眼淚 妳妝都花了要我怎麼記得記得妳叫我忘了吧 記得妳叫我忘了吧妳說妳會哭 不是因為在乎朦朧的時間 我們溜了多遠冰刀劃的圈 圈起了誰改變如果再重來 會不會稍嫌狼狽愛是不是不開口才珍貴再給我兩分鐘 讓我把記憶結成冰別融化了眼淚 妳妝都花了要我怎麼記得記得妳叫我忘了吧 記得妳叫我忘了吧妳說妳會哭 不是因為在乎再給我兩分鐘 讓我把記憶結成冰別融化了眼淚 妳妝都花了要我怎麼記得記得妳叫我忘了吧 記得妳叫我忘了吧妳說妳會哭 不是因為在乎",0
說了再見,周杰倫,"天涼了　雨下了　妳走了清楚了　我愛的　遺失了落葉飄在湖面上睡著了想要放　放不掉　淚在飄妳看看　妳看看不到我假裝過去不重要卻發現自己辦不到說了再見　才發現再也見不到我不能　就這樣　失去妳的微笑口紅待在桌角　而妳我找不到若角色對調　妳說好不好說了再見　才發現再也見不到能不能　就這樣　忍著痛　淚不掉說好陪我到老　永恆往那裡找再次擁抱　一分一秒　都好天涼了　雨下了　妳走了清楚了　我愛的　遺失了落葉飄在湖面上睡著了想要放　放不掉　淚在飄妳看看　妳看看不到我假裝過去不重要卻發現自己辦不到說了再見　才發現再也見不到我不能　就這樣　失去妳的微笑口紅待在桌角　而妳我找不到若角色對調　妳說好不好妳的笑　妳的好　腦海裡　一直在繞我的手　忘不了　妳手的溫度心　碎了一地　撿不回從前的心跳身陷過去我無力逃跑說再見　才發現再也見不到能不能　就這樣　忍著痛　淚不掉說好陪我到老　永恆往那裡找再次擁抱　一分一秒　都好",0
你不是真正的快樂,五月天,"人群中　哭著　你只想變成透明的顏色你再也不會夢　或痛　或心動了你已經決定了　你已經決定了你靜靜　忍著　緊緊把昨天在拳心握著而回憶越是甜　就是　越傷人了越是在　手心留下　密密麻麻　深深淺淺的刀割你不是真正的快樂　你的笑只是你穿的保護色你決定不恨了　也決定不愛了把你的靈魂　關在永遠　鎖上的軀殼你不是真正的快樂　你的傷從不肯完全的癒合我站在你左側　卻像隔著銀河難道就真的　抱著遺憾　一直到老了然後才後悔著你不是真正的快樂　你的笑只是你穿的保護色你決定不恨了　也決定不愛了把你的靈魂　關在永遠　鎖上的軀殼你不是真正的快樂　你的傷從不肯完全的癒合我站在你左側　卻像隔著銀河難道就真的　抱著遺憾　一直到老了你值得真正的快樂　你應該脫下你穿的保護色為什麼失去了　還要被懲罰呢能不能就讓　悲傷全部　結束在此刻重新開始活著",0
不將就,李榮浩,"那時候 我以為愛的是生活也算懂得 什麼適合 什麼不可最近還是一樣 努力著 配合你的性格你的追求者 你的坎坷 我開的車算一算 虛度了多少個年頭彷彿足夠 寫一套錯愛的春秋如果以後 你還想為誰 浪費美好時候眼淚只能在我的胸膛 毫無保留互相折磨到白頭 悲傷堅決不放手開始糾纏之後 才又被人放大了自由你的暴烈太溫柔 感情又痛又享受如果我說 不吻你不罷休誰能逼我將就你問我 為什麼頑固而專一天下太大 總有人比你更合適其實我覺得這樣不值 可沒選擇方式你一出場 別人都顯得不過如此互相折磨到白頭 悲傷堅決不放手開始糾纏之後 才又被人放大了自由你的暴烈太溫柔 感情又痛又享受如果我說 不吻你不罷休誰能逼我將就互相折磨到白頭 悲傷堅決不放手開始糾纏之後 才又被人放大了自由你的暴烈太溫柔 感情又痛又享受如果我說 不吻你不罷休誰能逼我將就他們不過將就",0
有點甜,汪蘇瀧,"摘一顆蘋果等你從門前經過送到你的手中幫你解渴像夏天的可樂像冬天的可可你是對的時間對的角色已經約定過一起過下個週末你的小小情緒對我來說我也不知為何傷口還沒癒合你就這樣闖進我的心窩是你讓我看見乾枯沙漠開出花一朵是你讓我想要每天為你寫一首情歌用最浪漫的副歌你也輕輕的附和眼神堅定著我們的選擇是你讓我的世界從那刻變成粉紅色是你讓我的生活從此都只要你配合愛要精心來雕刻我是米開朗基羅用心刻畫最幸福的風格用時間 去思念 愛情有點甜這心願 不會變 愛情有點甜已經約定過一起過下個週末你的小小情緒對我來說我也不知為何傷口還沒癒合你就這樣闖進我的心窩是你讓我看見乾枯沙漠開出花一朵是你讓我想要每天為你寫一首情歌用最浪漫的副歌你也輕輕的附和眼神堅定著我們的選擇是你讓我的世界從那刻變成粉紅色是你讓我的生活從此都只要你配合愛要精心來雕刻我是米開朗基羅用心刻畫最幸福的風格是你讓我看見乾枯沙漠開出花一朵是你讓我想要每天為你寫一首情歌用最浪漫的副歌你也輕輕的附和眼神堅定著我們的選擇是你讓我的世界從那刻變成粉紅色是你讓我的生活從此都只要你配合愛要精心來雕刻我是米開朗基羅用心刻畫最幸福的風格",1
聽見下雨的聲音,周杰倫,"竹籬上停留著蜻蜓玻璃瓶裡插滿小小森林青春嫩綠的很鮮明百葉窗折射的光影像有著心事的一張表情而你低頭拆信 想知道關於我的事情青苔入鏡 簷下風鈴 搖晃曾經回憶是一行行無從剪接的風景愛始終年輕而我聽見下雨的聲音想起你用唇語說愛情幸福也可以很安靜我付出一直很小心終於聽見下雨的聲音於是我的世界被吵醒就怕情緒紅了眼睛不捨的淚 在彼此的臉上透明百葉窗折射的光影像有著心事的一張表情而你低頭拆信 想知道關於我的事情愛在過境 緣分不停 誰在擔心窗台上滴落的雨滴 輕敲著傷心淒美而動聽而我聽見下雨的聲音想起你用唇語說愛情熱戀的時刻最任性不顧一切的給約定終於聽見下雨的聲音於是我的世界被吵醒發現你始終很靠近默默的陪在我身邊 態度堅定雨的聲音",1
愛情廢柴,周杰倫,"聖誕節 剩下單人的剩單節過條街 最好又給我下起雪這麼衰 這麼剛好 這麼狼狽要不要拍成MV乾脆淡淡憂傷還是最美劇情是你在寫 有點無解 我們之間踏著雪 不知不覺走了很遠繞著圈 我叛逆點起一根煙一整天 我旋律哼了一千遍千遍一律我不醉不歸沒有你的冬天我會一直唱著唱著直到你出現為你封麥 只唱你愛Goodbye Don't Cry 哭個痛快曲終人散 你也走散我承認我是愛情裡的廢柴你的離開 喊得太快我的依賴 還在耍賴眼淚打轉 轉不回來你的笑容燦爛踏著雪 不知不覺走了很遠繞著圈 我叛逆點起一根煙一整天 我旋律哼了一千遍千遍一律我不醉不歸沒有你的冬天我會一直唱著唱著直到你出現為你封麥 只唱你愛Goodbye Don't Cry 哭個痛快曲終人散 你也走散我承認我是愛情裡的廢柴你的離開 喊得太快我的依賴 還在耍賴眼淚打轉 轉不回來你的笑容燦爛為你封麥 只唱你愛Goodbye Don't Cry 哭個痛快曲終人散 你也走散我承認我是愛情裡的廢柴你的離開 喊得太快我的依賴 還在耍賴眼淚打轉 轉不回來你的笑容燦爛",0
也可以,閻奕格,"怎麼會只剩下自己 還不想認輸用盡力氣用笑撐住 說好這次不許哭怎麼會連難以呼吸 還不說痛苦武裝自己從不失誤 卻比任何人無助當時間不為誰而破例 讓愛延續下一集你可不可以輕輕的鬆開 自己就算你想放棄也可以 失去也可以別再步步進逼 不留餘地愛只會窒息就算多難捨的過去 最後還是會過去懷念的擁抱和那體温 用微笑平息就算你想流淚也可以 任性也可以別再苦苦壓抑 鎖上情緒心會更封閉就算多難捨的淚滴 最後不讓你沈溺就算一個人 至少還有自己怎麼會一再的想念 還不說在乎渾身解數想要逃出 卻什麼也留不住當時間不為誰而破例 讓愛延續下一集你可不可以輕輕的鬆開 自己就算你想放棄也可以 失去也可以別再步步進逼 不留餘地愛只會窒息就算多難捨的過去 最後還是會過去懷念的擁抱和那體温 用微笑平息就算你想流淚也可以 任性也可以別再苦苦壓抑 鎖上情緒心會更封閉就算多難捨的淚滴 最後不讓你沈溺就算一個人 至少還有自己當世界不因你痛心的領悟貼心的讓你返回上一幕還有那熱烈的曾經 伴隨著你前行就算你想流淚也可以 任性也可以別再苦苦壓抑 鎖上情緒心會更封閉就算多難捨的淚滴 最後不讓你沈溺就算一個人 至少還有自己",0
帥到分手,周湯豪,"像沒人要的狗 風在吹著我 感覺超悲哀你說要分手 直白的藉口 因為怕被我甩現在你只想要跟我 掰掰 太突然了你現在我只想要搬 搬到太麻里隔壁不用再爭誰錯誰對 愛到了底你進我退 uh如果我付出你當無所謂愛情失敗到分手的罪 就讓我來背女人的珍貴青春不能浪費悲劇收場 只要一個人狼狽Now stop 乾脆不要那麼累 我背我帥到分手 安全感不夠你選擇向錢走 現實將我爆頭我帥到分手 安全感不夠你選擇向錢走 原來你是高手 話都你在說我送給你的寵 丟到垃圾桶 你轉身離開你說我不懂 愛有甚麼用 都是我活該現在我只想要跟你 掰掰 不再騙自己現在我只想要搬 搬到太麻里隔壁不用再爭誰錯誰對 愛到了底你進我退 uh如果我付出你當無所謂愛情失敗到分手的罪 就讓我來背女人的 珍貴青春不能浪費悲劇收場 只要一個人狼狽Now stop 乾脆 不要那麼累 我背我帥到分手 安全感不夠你選擇向錢走 現實將我爆頭我帥到分手 安全感不夠你選擇向錢走 原來你是高手我帥到分手 你選擇向錢走",0
我好想你,蘇打綠,"開了燈 眼前的模樣偌大的房 寂寞的床關了燈 全都一個樣心裡的傷 無法分享生命 隨年月流去 隨白髮老去隨著你離去 快樂渺無音訊隨往事淡去 隨夢境睡去隨麻痺的心逐漸遠去我好想你 好想你 卻不露痕跡我還踮著腳思念 我還任記憶盤旋我還閉著眼流淚 我還裝作無所謂我好想你 好想你 卻欺騙自己開了燈 眼前的模樣偌大的房 寂寞的床 關了燈 全都一個樣心裡的傷 無法分享生命 隨年月流去 隨白髮老去隨著你離去 快樂渺無音訊隨往事淡去 隨夢境睡去隨麻痺的心逐漸遠去我好想你 好想你 卻不露痕跡我還踮著腳思念 我還任記憶盤旋我還閉著眼流淚 我還裝作無所謂我好想你 好想你 卻欺騙自己我好想你 好想你 就當作秘密我好想你 好想你 就深藏在心",0
寂寞寂寞就好,田馥甄,"還是原來那個我 不過流掉幾公升淚所以變瘦對著鏡子我承諾 遲早我會還這張臉一堆笑容不算什麼 愛錯就愛錯早點認錯 早一點解脫我寂寞寂寞就好 這時候誰都別來安慰擁抱就讓我一個人去 痛到 受不了 想到 快瘋掉死不了就還好我寂寞寂寞就好 你真的不用來我回憶裡微笑我就不相信我會 笨到 忘不了 賴著 不放掉人本來就寂寞的 借來的都該還掉我總會把你戒掉還是原來那個你 是我自己做夢你有改變什麼再多的愛也沒用 每個人有每個人的業障因果會有什麼 什麼都沒有早點看破 才看得見以後我寂寞寂寞就好 這時候誰都別來安慰擁抱就讓我一個人去 痛到 受不了 想到 快瘋掉死不了就還好我寂寞寂寞就好 你真的不用來我回憶裡微笑我就不相信我會 笨到 忘不了 賴著 不放掉人本來就寂寞的 我總會把你戒掉",0
我不配,周杰倫,"這街上太擁擠 太多人有秘密 玻璃上有霧氣誰被隱藏起過去妳臉上的情緒 在還原那場雨 這巷弄太過彎曲我找不到妳你跟我揮揮手 我感覺很開心 我現在要走到 走到你那邊去這日子不再綠 又斑駁了幾句 剩下搬空回憶的我在大房子裡還來不及仔仔細細寫下妳的關於描述我如何愛妳 妳卻微笑的離我而去(一起來)這感覺 已經不對 我努力在挽回一些些 應該體貼的感覺 我沒給妳嘟嘴 許的願望很卑微 在妥協是我忽略 妳不過要人陪這感覺 已經不對 我已經在挽回一頁頁 不忍情節 怎麼辦 我發呆妳默背 為我掉過幾次淚 多憔悴而我心碎妳受罪 妳的美 我不配哎呦哎呦 不錯喔 大家都會唱喔要不要聽我改編一下 呵這街上太擁擠 太多人有秘密 玻璃上有霧氣誰被隱藏起過去妳臉上的情緒 在還原那場雨 這巷弄太過曲彎彎曲曲走不回故事裡怎麼辦 怎麼辦 我接下不會唱怎麼辦 歌詞怎麼辦 歌詞全部都忘記了沒關係 我即興唱 隨便唱唱你們開心喔喔耶耶 喔喔耶耶來不及 仔仔細細寫下妳的關於描述我如何愛妳 妳卻微笑的離我而去這感覺 已經不對 我努力在挽回一些些 應該體貼的感覺 我沒給妳嘟嘴 許的願望很卑微 在妥協是我忽略 妳不過要人陪這感覺 已經不對 我最後才了解一頁頁 不忍情緒的情節 妳好累妳默背 為我掉過幾次淚 多憔悴而我心碎妳受罪 妳的美 我不配喔喔喔喔喔耶耶耶耶耶我感覺我不配 我感覺我不配 我不配 我不配而我擔心妳受罪 妳的美 我不配我不配 我不配 我不配 謝謝",0
別說,JC,"一段親暱過了後一段幸運過了後想保留 卻又沒把握轉身後 愛墜落你說愛就像石頭倔強一碰就疼痛把心緊緊包裹 不透明的夢猜不透你那片綠洲 我們各自分手別說你懂 醒過來的時候 孤單在執著解開殘忍的夢 心中才會隱隱浮現彩虹別說你痛 離開我的時候 眼角的空洞我終於明白 愛在換季後 才能釋放自由一段親暱過了後一段幸運過了後想保留 卻又沒把握轉身後 愛墜落你說愛就像石頭倔強一碰就疼痛把心緊緊包裹 不透明的夢猜不透你那片綠洲 我們各自分手別說你懂 醒過來的時候 孤單在執著解開殘忍的夢 心中才會隱隱浮現彩虹別說你痛 離開我的時候 眼角的空洞我終於明白 愛在換季後 才能釋放自由別說你懂 醒過來的時候 孤單在執著解開殘忍的夢 心中才會隱隱浮現彩虹別說你痛 離開我的時候 眼角的空洞我終於明白 愛在換季後 才能釋放自由",0
愛在身邊,周興哲,"偷聽 你心中的花落你說 要永遠抱著我我們不必再去掙脫不必再去藏躲 分離的傷口而我 自己要去承受愛情 孤單裡的刺痛孤單到底算什麼為何連你都要來找我請原諒我 沒說聲再見請原諒我 想你在身邊你的愛戀 在我每一天你永遠是我身邊最美的一切 眷戀你的美而我 好怕你離別而我 愛你在身邊好想永遠擁抱著當初我們勇敢去愛的那一刻偷聽 你心中的花落你說 要永遠抱著我我們不必再去掙脫不必再去藏躲 分離的傷口而我 自己要去承受愛情 孤單裡的刺痛孤單到底算什麼為何連你都要來找我請原諒我 沒說聲再見請原諒我 想你在身邊你的愛戀 在我每一天你永遠是我身邊最美的一切 眷戀你的美而我 好怕你離別而我 愛你在聲邊好想永遠擁抱著當初我們勇敢去愛的那一刻請原諒我 沒說聲再見請原諒我 想你在身邊你的愛戀 在我每一天你永遠是我身邊最美的一切 眷戀你的美而我 好怕你離別而我 愛你在聲邊好想永遠擁抱著當初我們勇敢去愛的那一刻",0
頑固,五月天,"我身在 當時你 幻想的 未來裡這個狂熱和衝動 早已冷卻的如今你頑固 的神情 消失在 鏡子裡只留下 時光消逝的痕跡每顆心 的相信 每個人 的際遇每個故事的自己 反覆地問著自己這些年 讓步的 你是否 會嘆息有什麼 是你永遠不放棄？一次一次你 吞下了淚滴 一次一次 拼回破碎自己一天一天你 是否還相信 活在你心深處 那頑固自己你追逐 你呼吸 你囂張 的任性鼻青臉腫的哭過 若無其事的忘記如果你 能預知 這條路 的陷阱我想你 依然錯得很過癮走過的 叫足跡 走不到 叫憧憬學會收拾起叛逆 學會隱藏了表情卸下了 這面具 我想說 謝謝你謝謝你 一路陪我到這裡一次一次你 吞下了淚滴 一次一次 拼回破碎自己一天一天你 是否還相信 活在你心深處 那頑固的自己一次一次你 吞下了淚滴 一次一次 拼回破碎自己一天一天你 是否還相信 活在你心深處 那頑固的你當時相信 的那些事情 會在如今 變成美麗風景每當我遲疑 從不曾忘記 活在我心深處 那頑固的自己",1
李白,李榮浩,"大部分人都要我學習去看 世俗的眼光我認真學習了世俗的眼光 世俗到天亮一部外國電影沒聽懂一句話看完結局才是笑話你看我多乖多聰明多麼聽話 多奸詐喝了幾大碗米酒再離開是為了模仿一出門不小心吐的那幅是誰的書畫你一天一口一個 親愛的對方多麼不流行的模樣都應該練練書法再出門闖蕩才會有人熱情買帳要是能重來 我要選李白幾百年前做的好壞 沒那麼多人猜要是能重來 我要選李白至少我還能寫寫詩來澎湃 逗逗女孩要是能重來 我要選李白創作也能到那麼高端 被那麼多人崇拜要是能重來喝了幾大碗米酒再離開是為了模仿一出門不小心吐的那幅是誰的書畫你一天一口一個 親愛的對方多麼不流行的模樣都應該練練書法再出門闖蕩才會有人熱情買帳要是能重來 我要選李白幾百年前做的好壞 沒那麼多人猜要是能重來 我要選李白至少我還能寫寫詩來澎湃 逗逗女孩要是能重來 我要選李白創作也能到那麼高端 被那麼多人崇拜要是能重來要是能重來 我要選李白幾百年前做的好壞 沒那麼多人猜要是能重來 我要選李白至少我還能寫寫詩來澎湃 逗逗女孩要是能重來 我要選李白創作也能到那麼高端 被那麼多人崇拜要是能重來",1
你就不要想起我,田馥甄,"我都寂寞多久了還是沒好感覺全世界都在竊竊嘲笑我能有多驕傲 不堪一擊好不好一碰到你我就被撂倒吵醒沉睡冰山後從容脫逃你總是有辦法輕易做到一個遠遠的微笑 就掀起洶湧波濤又聞到 眼淚沸騰的味道明明你也很愛我 沒理由愛不到結果只要你敢不懦弱 憑什麼我們要錯過夜長夢還多 你就不要想起我到時候 你就知道有多痛當時那些快樂多難得美好你真的有辦法捨得不要才剛成真的美夢 轉眼就幻滅破掉祝福你 真的可以睡得好明明你也最愛我 沒理由愛不到結果只要你敢不懦弱 憑什麼我們要錯過夜長夢很多 你就不要想起我到時候最好別來要認錯你就不要 想我到 瘋掉明明你也還愛我 沒理由愛不到結果只要你敢不懦弱 憑什麼我們要錯過夜長夢會多 你就不要想起我我等夜 監聽你說多愛我",0
夜曲,周杰倫,"一群嗜血的螞蟻 被腐肉所吸引 我面無表情 看孤獨的風景失去妳 愛恨開始分明 失去妳 還有什麼事好關心當鴿子不再象徵和平 我終於被提醒 廣場上餵食的是禿鷹我用漂亮的押韻 形容被掠奪一空的愛情啊 烏雲開始遮蔽 夜色不乾淨 公園裡 葬禮的回音 在漫天飛行送妳的 白色玫瑰 在純黑的環境凋零 烏鴉在樹枝上詭異的很安靜靜靜聽 我黑色的大衣 想溫暖妳 日漸冰冷的回憶 走過的 走過的 生命啊 四周瀰漫霧氣 我在空曠的墓地 老去後還愛妳為妳彈奏蕭邦的夜曲 紀念我死去的愛情跟夜風一樣的聲音 心碎的很好聽手在鍵盤敲很輕 我給的思念很小心妳埋葬的地方叫幽冥為妳彈奏蕭邦的夜曲 紀念我死去的愛情而我為妳隱姓埋名 在月光下彈琴對妳心跳的感應 還是如此溫熱親近懷念妳那鮮紅的唇印那些斷翅的蜻蜓 散落在這森林 而我的眼睛 沒有絲毫同情失去妳 淚水混濁不清 失去妳 我連笑容都有陰影風在長滿青苔的屋頂 嘲笑我的傷心 像一口沒有水的枯井我用淒美的字型 描繪後悔莫及的那愛情為妳彈奏蕭邦的夜曲 紀念我死去的愛情跟夜風一樣的聲音 心碎的很好聽手在鍵盤敲很輕 我給的思念很小心妳埋葬的地方叫幽冥為妳彈奏蕭邦的夜曲 紀念我死去的愛情而我為妳隱姓埋名 在月光下彈琴對妳心跳的感應 還是如此溫熱親近懷念妳那鮮紅的唇印",0
失落沙洲,徐佳瑩,"又來到這個港口　沒有原因的拘留我的心乘著斑駁的輕舟尋找失落的沙洲隨時間的海浪漂流我用力張開雙手擁抱那麼多起起落落想念的還是你望著我的眼波我不是一定要你回來只是當又一個人看海回頭才發現你不在留下我迂迴的徘徊我不是一定要你回來只是當又把回憶翻開除了你之外的空白還有誰能來教我愛又回到這個盡頭　我也想再往前走只是愈看見海闊天空愈遺憾沒有你分享我的感動我不是一定要你回來只是當又一個人看海回頭才發現你不在留下我迂迴的徘徊我不是一定要你回來只是當又把回憶翻開除了你之外的空白還有誰能來教我愛我不是一定要你回來只是當又一個人看海疲憊的身影不是我不是你想看見的我我不是一定要你回來只是當獨自走入人海除了你之外的依賴還有誰能叫我勇敢除了你之外的空白還有誰能來教我愛",0
洋蔥,五月天,"如果你眼神能夠為我 片刻的降臨如果你能聽到 心碎的聲音沈默的守護著你 沈默的等奇跡沈默的讓自己 像是空氣大家都吃著聊著笑著 今晚多開心最角落里的我 笑得多合群盤底的洋蔥像我 永遠是調味品偷偷的看著你 偷偷的隱藏著自己如果你願意一層一層一層 的剝開我的心你會發現 你會訝異你是我 最壓抑 最深處的秘密如果你願意一層一層一層 的剝開我的心你會鼻酸 你會流淚只要你能 聽到我 看到我的全心全意聽妳說妳和妳的他們 曖昧的空氣我和我的絕望 裝得很風趣我就像一顆洋蔥 永遠是配角戲多希望能與妳 有一秒 專屬的劇情",0
江南,林俊傑,"風到這裡就是黏　黏住過客的思念雨到了這裡纏成線　纏著我們流連人世間妳在身邊就是緣　緣分寫在三生石上面愛有萬分之一甜 寧願我就葬在這一天圈圈圓圓圈圈　天天年年天天的我　深深看你的臉生氣的溫柔　埋怨的溫柔的臉不懂愛恨情仇煎熬的我們　都以為相愛就像風雲的善變相信愛一天　抵過永遠　在這一剎那凍結了時間不懂怎麼表現溫柔的我們　還以為殉情只是古老的傳言離愁能有多痛　痛有多濃　當夢被埋在江南煙雨中　心碎了才懂相信愛一天　抵過永遠　在這一剎那凍結了時間",0
浪費,林宥嘉,"多久了 我都沒變愛妳這回事 整整六年妳最好 做好準備我沒有打算 停止一切想說我沒有志願也沒有事情好消遣有一個人能去愛 多珍貴沒關係妳也不用給我機會反正我還有一生可以浪費我就是剩這麼一點點倔 稱得上 我的優點沒關係妳也不用對我慚愧也許我根本喜歡被妳浪費隨便妳今天拼命愛上誰 我都會 坦然面對即使要我跟妳再耗個十年 無所謂妳和他 沒有如願 短短半年內 開始分裂我的愛 依舊沒變連我自己都 對我欽佩有的是很多資源我有的是很多時間不去愛才是浪費 多不對沒關係妳也不用給我機會反正我還有一生可以浪費我就是剩這麼一點點倔 稱得上 我的優點沒關係妳也不用對我慚愧也許我根本喜歡被妳浪費就算我再去努力愛上誰 到頭來 也是白費不如永遠跟妳耗 來得快樂 對不對",0
小情歌,蘇打綠,"這是一首簡單的小情歌唱著人們心腸的曲折我想我很快樂 當有你的溫熱腳邊的空氣轉了這是一首簡單的小情歌唱著我們心頭的白鴿我想我很適合 當一個歌頌者青春在風中飄著你知道 就算大雨讓整座城市顛倒我會給你懷抱受不了 看見你背影來到寫下我 度秒如年難捱的離騷就算整個世界被寂寞綁票我也不會奔跑逃不了 最後誰也都蒼老寫下我 時間和琴聲交錯的城堡",1
一點點,周杰倫,"幾次爭辯 幾次的失眠而我卻視而不見 從不先說抱歉工作優先 跟朋友見面永遠多過 給你的時間那虧欠 一直放在心裡面沒能說出口 你已走遠抱緊你 卻抓不住你的愛 剩一點點那一天 你幾乎帶走 我所有的從前你說我 根本沒有因為愛你而改變我始終聽不進 你的勸想吃甜點 想去電影院而我卻都嫌太遠 你在委屈埋怨我連生日 都忘記敷衍卻只會要你 乖一點點那虧欠 一直放在心裡面沒能說出口 你已走遠抱緊你 卻抓不住你的愛 剩一點點那一天 你幾乎帶走 我所有的從前故事裡 不再出現與你相關的畫面一個人的幸福 怎麼編面對面 淚滑落在彼此的臉 那瞬間不再讓你離開 我身邊",0
我的歌聲裡,曲婉婷,"沒有一點點防備也沒有一絲顧慮你就這樣出現在我的世界裡帶給我驚喜 情不自已可是你偏又這樣 在我不知不覺中悄悄的消失 從我的世界裡沒有音訊 剩下的只是回憶你存在 我深深的腦海裡我的夢裡 我的心裡 我的歌聲裡你存在 我深深的腦海裡 我的夢裡我的心裡 我的歌聲裡還記得我們曾經 肩並肩一起走過那段繁華巷口儘管你我是陌生人 是過路人但彼此還是感覺到了對方的一個眼神 一個心跳....一種意想不到的快樂 好像是一場夢境 命中註定你存在 我深深的腦海裡我的夢裡 我的心裡 我的歌聲裡你存在 我深深的腦海裡我的夢裡 我的心裡 我的歌聲裡世界之大為何我們相遇難道是緣分難道是天意...",1
愛的故事-上集,孫耀威,"星的光點點灑於午夜人人開開心心說說故事偏偏今宵所想講不太易遲緩地望你想說又復遲疑秋風將湧起的某夜遺留她的窗邊有個故事孤單單的小伙子不顧寂寞徘徊樹下直至天際露月兒冬風吹走幾多個月夜為何窗邊的她欠缺注視刻於窗扉小子寫的愛慕字完全沒用像個飄散夢兒今宵的小伙子傾吐憾事誰人癡癡的要再聽故事偏偏癡心小子只知道上集祈求下集是個可愛夢兒知不知對你牽上萬縷愛意每晚也痛心空費盡心思這小子欲斷難斷這故事全為我愛上了偏偏你不知(全為愛上了你偏偏你不知)春風輕吹點點火花襯月夜人人開開心心說說故事終於傾出這小子的故事長年累月為你怎再自持今宵知否對你的暗示為何真的將它當故事偏偏癡心小子只知道上集祈求下集是個可愛夢兒知不知每晚想你十次百次每晚也去等　因我極心癡可不可合力延續這故事延續這片愛意一生倆相依",1
當你,林俊傑,"如果有一天 我回到從前回到最原始的我 你是否 會覺得我不錯如果有一天 我離你遙遠不能再和你相約 你是否會發覺 我已經說再見當你的眼睛 瞇著笑 當你喝可樂 當你吵我想對你好 你從來不知道 想你 想你 也會變成嗜好當你說今天的煩惱 當你說夜深 你睡不著我想對你說 卻害怕都說錯 好喜歡你 知不知道如果有一天 夢想都實現回憶都成了永遠 你是否還會 記得今天如果有一天 我們都發覺 ( 我們都要發覺 )原來什麼都可以 我們是否還會 停留在這裡當你的眼睛 瞇著笑 當你喝可樂 當你吵我想對你好 你從來不知道 想你 想你 也能成為嗜好當你說今天的煩惱 當你說夜深 你睡不著我想對你說 卻害怕都說錯 好喜歡你 知不知道也許空虛 讓我想得太多 也許該回到被窩夢裡會相遇 就毫不猶豫 大聲的說我要說當你的眼睛 瞇著笑 當你喝可樂 當你吵我想對你好 你從來不知道 想你 想你 也能成為嗜好啦 ~ ~ ~ 啦 ~ ~ ~我想對你說 卻害怕都說錯 好喜歡你 知不知道啦 ~ ~ ~ 啦 ~ ~ ~",1
背對背擁抱,林俊傑,"話總說不清楚 該怎麼明瞭一字一句像圈套舊帳總翻不完 誰無理取鬧你的雙手甩開剛好的微妙然後戰火再燃燒我們背對背擁抱濫用沉默在咆哮愛情來不及變老 葬送在烽火的玩笑我們背對背擁抱真話兜著圈子亂亂繞只是想讓我知道只是想讓你知道 愛的警告(這警告)我不要一直到 形同陌路變成自找既然可以擁抱 就不要輕易放掉",0
走著走著就散了,莊心妍,"習慣人群中找你的影子 回想那些幸福的日子但其實我明白 我和從前的我已經分開很遠很遠寂寞世界中的兩顆心 寂寞城市中的每個人我們相遇相擁 相互猜測懷疑一邊微笑一邊流淚那些激情後的陌生 被利用的信任累覺不愛的心 任性錯過的人傷痕累累才懂 認真我就輸了有些人走著走著就散了有些事看著看著就淡了有多少無人能懂的不快樂就有多少無能為力的不捨有些人想著想著就忘了有些夢做著做著就醒了才發現從前是我太天真現實又那麼殘忍寂寞世界中的兩顆心 寂寞城市中的每個人我們相遇相擁 相互猜測懷疑一邊微笑一邊流淚那些激情後的陌生 被利用的信任累覺不愛的心 任性錯過的人傷痕累累才懂 認真我就輸了有些人走著走著就散了有些事看著看著就淡了有多少無人能懂的不快樂就有多少無能為力的不捨有些人想著想著就忘了有些夢做著做著就醒了才發現從前是我太天真現實又那麼殘忍有些人想著想著就忘了有些夢做著做著就醒了才發現從前是我太天真現實卻那麼殘忍",0
記得,林俊傑,"誰還記得　是誰先說　永遠的愛我以前的一句話　是我們以後的傷口過了太久　沒人記得　當初那些溫柔我和你手牽手　說要一起　走到最後我們都忘了　這條路走了多久心中是清楚的　有一天　有一天都會停的讓時間說真話　雖然我也害怕在天黑了以後　我們都不知道會不會有以後誰還記得　是誰先說　永遠的愛我以前的一句話　是我們以後的傷口過了太久　沒人記得　當初那些溫柔我和你手牽手　說要一起　走到最後我們都累了　卻沒辦法往回走兩顆心都迷惑　怎麼說　怎麼說都沒有救親愛的為什麼　也許你也不懂兩個相愛的人　等著對方先說想分開的理由誰還記得　愛情開始變化的時候我和你的眼中　看見了不同的天空走得太遠　終於走到分岔路的路口是不是你和我　要有兩個　相反的夢誰還記得　是誰先說　永遠的愛我以前的一句話　是我們以後的傷口過了太久　沒人記得　當初那些溫柔我和你手牽手　說要一起　走到最後我和你手牽手　說要一起　走到最後",0
愛你沒差,周杰倫,"沒有圓周的鐘 失去旋轉意義下雨這天 好安靜遠行沒有目的 距離不是問題不愛了 是你的謎底我佔據 格林威治 守候著你在時間 標準起點 回憶過去你卻在 永夜了的 極地旅行等愛在 失溫後 漸漸死去喔 「對不起」 這句話 打亂了時區喔 你要我 在最愛的時候 睡去我越想越清醒喔 愛你沒差 那一點時差 喔～你離開這一拳給的 太重我的心找不到 換日線 它在哪我只能不停的飛直到我將你挽回愛你不怕 那一點時差 喔～就讓我靜靜一個人 出發你的心總有個 經緯度 會留下我會回到你世界跨越愛的時差",0
學不會,林俊傑,"你的痛苦　我都心疼　想為你解決擋開流言　緊握你手　想飛奔往前我相信愛能證明一切　夠真心會超越時間多付出也多了喜悦　讓幸福蔓延總是學不會　再聰明一點記得自我保護　必要時候講些　善意謊言總是學不會　真愛也有現實面不是誰情願　就能夠解決一次爭吵　一個心結　累積著改變内心疏遠　足夠秒殺　外表多濃烈才發現愛不代表一切　再真心也會被阻絕這世界天天有詭雷　隨時會爆裂還是學不會　少浪漫一點拼命著想的事　未必帶來感動　或被感謝還是學不會　解釋我最傷　最累痛死都不願　怪誰把每段癡情苦戀　在此刻排列面前也感覺　不埋怨　只懷念總是學不會　再聰明一點記得自我保護　必要時候講些　善意謊言不是學不會　只是覺得愛　太美值得去沉醉　流淚",0
相依為命,陳小春,"旁人在　淡出終於只有你共我一起仍然自問幸福雖說有陣時為你生氣其實以前和你互相不懂得死心塌地直到共你渡過多災世紀即使身邊世事再毫無道理與你永遠亦連在一起你不放下我　我不放下你我想確定每日挽住同樣的手臂不敢早死要來陪住你我已試夠別離並不很淒美我還如何撇下你年華像細水沖走幾個愛人與知己抬頭命運射燈光柱罩下來剩我跟你難道有人離去是想顯出好光陰有限讓我學會為你貪生怕死即使身邊世事再毫無道理與你永遠亦連在一起你不放下我　我不放下你我想確定每日挽著同樣的手臂不敢早死要來陪住你我已試夠別離並不很淒美見盡了　雲湧風起　還怎麼捨得放下你證明愛人又愛己　何以要那麼悲壯才合理即使身邊世事再毫無道理與你永遠亦連在一起你不放下我　我不放下你我想確定每日挽著同樣一雙臂不必挑選我們成大器當我兩個並無冒險的福氣見盡了　雲湧風起　還怎麼捨得放下你我們　仍珍惜這啖氣",1
我懷念的,孫燕姿,"我問為什麼　那女孩傳簡訊給我而你為什麼　不解釋　低著頭沉默我該相信你很愛我　不願意敷衍我還是明白你已不想挽回什麼想問為什麼　我不再是你的快樂可是為什麼　卻苦笑說我都懂了自尊常常將人拖著　把愛都走曲折假裝了解是怕　真相太赤裸裸狼狽比失去難受我懷念的是無話不說　我懷念的是一起做夢　我懷念的是爭吵以後　還是想要愛你的衝動　我記得那年生日　也記得那一首歌　記得那片星空　最緊的右手　最暖的胸口　(誰記得)　誰忘了我懷念的是無言感動　我懷念的是絕對熾熱我懷念的是你很激動　求我原諒抱得我都痛我記得你在背後　也記得我顫抖著記得感覺洶湧　最美的煙火　最長的相擁誰愛的太自由　誰過頭太遠了誰要走我的心　誰忘了那就是承諾誰自顧自地走　誰忘了看著我誰讓愛變沉重　誰忘了要給你溫柔(我懷念的)　我還有想要愛你的衝動我記得那年生日　也記得那一首歌記得那片星空　最緊的右手　最暖的胸口我放手　我讓座　假灑脫　誰懂我多麼不捨得太愛了　所以我　沒有哭　沒有說",0
愛你,陳芳語,"我閉上眼睛　貼著你心跳呼吸而此刻地球　只剩我們而已你微笑的唇型　總勾著我的心每一秒初吻　我每一秒都想要吻你就這樣　愛你愛你愛你　隨時都要一起我喜歡　愛你外套味道　還有你的懷裡把我們　衣服鈕扣互扣　那就不用分離美好愛情　我就愛這樣貼近　因為你有時沒生氣　故意鬧脾氣你的緊張在意　讓我覺得安心從你某個角度　我總看見自己到底你懂我　或其實我本來就像你就這樣　愛你愛你愛你　隨時都要一起我喜歡　愛你外套味道　還有你的懷裡把我們　衣服鈕扣互扣　那就不用分離美好愛情　我就愛這樣貼近　因為你想變成你的氧氣　溜進你身體裡好好看看在你心裡你有多麼寶貝　我愛你就這樣　愛你愛你愛你　隨時都要一起我喜歡　愛你外套味道　還有你的懷裡把我們　衣服鈕扣互扣　那就不用分離美好愛情　我就愛這樣貼近　因為你我們愛情　會一直沒有距離　最美麗",1
楓,周杰倫,"烏雲在我們心裡擱下一塊陰影我聆聽沉寂已久的心情清晰透明 就像美麗的風景 總在回憶裡才看的清被傷透的心能不能夠繼續愛我我用力牽起沒溫度的雙手過往溫柔已經被時間上鎖只剩揮散不去的難過緩緩飄落的楓葉像思念我點燃燭火溫暖歲末的秋天極光掠奪天邊 北風掠過想你的容顏我把愛燒成了落葉　卻換不回熟悉的那張臉緩緩飄落的楓葉像思念為何挽回要趕在冬天來之前愛你穿越時間　兩行來自秋末的眼淚讓愛滲透了地面　我要的只是妳在我身邊被傷透的心能不能夠繼續愛我我用力牽起沒溫度的雙手過往溫柔已經被時間上鎖 只剩揮散不去的難過在山腰間飄逸的紅雨 隨著北風凋零我輕輕搖曳風鈴想 喚醒被遺棄的愛情 雪花已鋪滿了地深怕窗外楓葉已結成冰緩緩飄落的楓葉像思念我點燃燭火溫暖歲末的秋天極光掠奪天邊 北風掠過想你的容顏我把愛燒成了落葉　卻換不回熟悉的那張臉緩緩飄落的楓葉像思念為何挽回要趕在冬天來之前愛你穿越時間　兩行來自秋末的眼淚讓愛滲透了地面　我要的只是妳在我身邊",0
那些年,胡夏,"又回到最初的起點記憶中妳青澀的臉我們終於來到了這一天桌墊下的老照片無數回憶連結今天男孩要赴女孩最後的約又回到最初的起點呆呆的站在鏡子前笨拙繫上紅色領帶的結將頭髮梳成大人模樣穿上一身帥氣西裝等會兒見妳一定比想像美好想再回到那些年的時光回到教室座位前後　故意討妳溫柔的罵黑板上排列組合　妳捨得解開嗎誰與誰坐他又愛著她那些年錯過的大雨那些年錯過的愛情好想擁抱妳　擁抱錯過的勇氣曾經想征服全世界到最後回首才發現這世界滴滴點點全部都是妳那些年錯過的大雨那些年錯過的愛情好想告訴妳　告訴妳我沒有忘記那天晚上滿天星星平行時空下的約定再一次相遇我會緊緊抱著妳緊緊抱著妳",1
第一百個我,容袓兒,"他說我總是笑著的他說有九十九種我開心著 同時擔心著在家裡 只穿白色看漫畫 配咖啡止餓假裝勇敢 卻很膽小呢他不知道也沒說的第一百個我用笑笑的臉妝扮孤單的生活希望下大雨 然後喝一杯 可樂等待愛能抽個空 來打擾我但是一眨眼 下一個工作 來了他說我的夢怪著呢他說的那些都沒錯悶的很 都不說話的不怕苦 埋頭去做吃不下 菜又叫滿桌像個男人 好怕人囉嗦但是還有他沒說的第一百個我一天一天咬各種生活的蘋果愛乾淨的我 卻弄亂房間 睡了管他明天是什麼 拎著夢走如果愛是火 那我就是風 他說我喜歡雨天 看車窗外面 傘下的世界 倒退著像一部影片 暫時脫離的是我但是還有他沒說的第一百個我一天一天咬各種生活的蘋果愛乾淨的我 卻弄亂房間 睡了管他明天是什麼 拎著夢走如果愛是火 那我就是風 他說第一百個我 他一直沒說",1
我愛過你,周興哲,"多希望你還在這裡 從不曾離去笑得那麼甜蜜蜜多希望回到那天初相遇猜不出故事會怎樣結局你陪我看過的潮汐 都化成了雨淋濕擁擠的回憶你教我還是要相信愛情是捧在手心最美的水晶別離開我 別放棄我 我那麼那麼需要你 想抱著你多看一眼 多問一遍 你會明白我多恐懼我愛過你 如此幸運 遇見最美的你好謝謝你 和你一起 每一秒都有趣是你讓我找到 活下去的意義想拼下世界親手把它送給你多麼可惜 我來不及 好好去珍惜你我離開你 我失去你 全世界都下雨好想再聽你說 你永遠不放棄守護著我們今生最美的約定你陪我看過的潮汐 都化成了雨模糊耳邊的叮嚀你教我還是要相信愛情是捧在手心最美的水晶別離開我 別放棄我 我那麼那麼需要你 我好愛你多看一眼 多問一遍 你會明白我多傷心我愛過你 如此幸運 遇見最美的你好謝謝你 和你一起 每一秒都有趣是你讓我找到 活下去的意義想贏下世界親手把它送給你我該如何 努力相信 不再絕望懷疑我會微笑 認真地說 再苦也沒關係如果這是命運 送給我的難題如果這是你最想看到的結局我愛過你 我好想你",0
喜劇之王,李榮浩,"我看著顆獼猴桃 眼淚突然被引爆我可不是可不是 特別愛鬧這叫做這叫做 心靈感召不信你問李清照我天生不愛炫耀 卻太多藝術細胞我談的情 拍的拖 也許很少中的槍 捱的刀 受的煎熬 華麗得無法低調為什麼全世界的戀 我都失一遍為所有的悲劇 當特約演員我傷得斷腸 我哭得誇張 像一套港產片為何普天下的淚 我先流一遍市面上的紙巾 都由我代言站在我旁邊 你不算可憐 這也是種貢獻被分手的那一秒 我瘋狂往海邊跑你有什麼資格說 我很無聊你那次淋著雨失控咆哮 廉價小說那一套為什麼全世界的戀 我都失一遍為所有的悲劇當特約演員我傷的斷腸 我哭的誇張 像一套港產片為何普天下的淚 我先流一遍市面上的紙巾 都由我代言站在我旁邊 你不算可憐 這也是種貢獻每一天都活在電影裡面每一天都活在小說裡面每一天都活在K歌裡面每一天都活在MV裡面這世界本來就是場真人秀表演 實在難避免幕揭開全世界的戀 我都失一遍為所有的悲劇 當特約演員我傷得斷腸 我哭得誇張 只為了紅幾年",0
七里香,周杰倫,"窗外的麻雀　在電線桿上多嘴妳說這一句　很有夏天的感覺手中的鉛筆　在紙上來來回回我用幾行字形容妳是我的誰秋刀魚　的滋味　貓跟妳都想瞭解初戀的香味就這樣被我們尋回那溫暖　的陽光　像剛摘的　鮮豔草莓你說妳捨不得吃掉這一種感覺雨下整夜　我的愛溢出就像雨水院子落葉　跟我的思念厚厚一疊幾句是非　也無法將我的熱情冷卻妳出現在我詩的每一頁雨下整夜　我的愛溢出就像雨水窗台蝴蝶　像詩裡紛飛的美麗章節我接著寫　把永遠愛妳寫進詩的結尾妳是我唯一想要的瞭解雨下整夜　我的愛溢出就像雨水院子落葉　跟我的思念厚厚一疊幾句是非　也無法將我的熱情冷卻妳出現在我詩的每一頁那飽滿　的稻穗　幸福了這個季節而妳的臉頰像田裡熟透的番茄妳突然　對我說　七里香的　名字很美我此刻卻只想親吻妳倔強的嘴雨下整夜　我的愛溢出就像雨水院子落葉　跟我的思念厚厚一疊幾句是非　也無法將我的熱情冷卻妳出現在我詩的每一頁整夜　我的愛溢出就像雨水窗台蝴蝶　像詩裡紛飛的美麗章節ho~我接著寫　把永遠愛妳寫進詩的結尾妳是我唯一想要的瞭解",1
回到過去,周杰倫,"一盞黃黃舊舊的燈　時間在旁悶不吭聲寂寞下手毫無分寸　不懂得輕重之分沉默支撐躍過陌生　靜靜看著凌晨黃昏妳的身影　失去平衡　慢慢下沉黑暗已在空中盤旋　該往哪我看不見也許愛在夢的另一端　無法存活在真實的空間想回到過去　試著抱妳在懷裡　羞怯的臉帶有一點稚氣想看妳看的世界　想在妳夢的畫面　只要靠在一起就能感覺甜蜜想回到過去　試著讓故事繼續　至少不再讓妳離我而去分散時間的注意　這次會抱得更緊這樣挽留不知還來不來得及　想回到過去思緒不斷阻擋著回憶播放　盲目的追尋仍然空空盪盪灰濛濛的夜晚睡意又不知躲到哪去一轉身孤單已躺在身旁想回到過去　試著抱妳在懷裡　羞怯的臉帶有一點稚氣想看妳看的世界　想在妳夢的畫面　只要靠在一起就能感覺甜蜜想回到過去　試著讓故事繼續　至少不再讓妳離我而去分散時間的注意　這次會抱得更緊這樣挽留不知還來不來得及　想回到過去(沉默支撐躍過陌生　靜靜看著凌晨黃昏妳的身影　失去平衡　慢慢下沉...想回到過去)",0
稻香,周杰倫,"對這個世界如果你有太多的抱怨跌倒了就不敢繼續往前走為什麼人要這麼的脆弱 墮落請你打開電視看看多少人為生命在努力勇敢的走下去我們是不是該知足珍惜一切 就算沒有擁有還記得你說家是唯一的城堡 隨著稻香河流繼續奔跑微微笑 小時候的夢我知道不要哭讓螢火蟲帶著你逃跑 鄉間的歌謠永遠的依靠回家吧 回到最初的美好不要這麼容易就想放棄 就像我說的追不到的夢想 換個夢不就得了為自己的人生鮮艷上色 先把愛塗上喜歡的顏色笑一個吧 功成名就不是目的讓自己快樂快樂這才叫做意義童年的紙飛機 現在終於飛回我手裡所謂的那快樂 赤腳在田裡追蜻蜓追到累了偷摘水果被蜜蜂給叮到怕了 誰在偷笑呢我靠著稻草人吹著風唱著歌睡著了哦 哦 午後吉他在蟲鳴中更清脆哦 哦 陽光灑在路上就不怕心碎珍惜一切 就算沒有擁有還記得你說家是唯一的城堡 隨著稻香河流繼續奔跑微微笑 小時候的夢我知道不要哭讓螢火蟲帶著你逃跑 鄉間的歌謠永遠的依靠回家吧 回到最初的美好還記得你說家是唯一的城堡 隨著稻香河流繼續奔跑微微笑 小時候的夢我知道不要哭讓螢火蟲帶著你逃跑 鄉間的歌謠永遠的依靠回家吧 回到最初的美好",1
愛情教會我們的事,周興哲,"某座天橋 某一張合照 愛情來的預告這世界 很微妙 越在乎想要 往往得不到最後爭吵 誰都不示好 縱容寂寞咆哮美好 取代不了 散場前又哭又笑真的不是故意 傷你的心 還搞不懂原因勇敢是我愛的 和愛我的人 教會我們的事情多麼幸運 找到你多麼堅定 我愛你面對命運 好多難題學不會放棄多麼幸運 擁抱你多麼遺憾 失去你多麼可惜 錯過愛情學會刻骨銘心 懷念都是你最後爭吵 誰都不示好 縱容寂寞咆哮美好 取代不了 散場前又哭又笑真的不是故意 傷你的心 還搞不懂原因勇氣是我愛的 和愛我的人 教會我們的事情多麼幸運 找到你多麼堅定 我愛你面對命運 好多難題學不會放棄幸福有多美 答案誰能給後悔都不再後悔 結局怎麼寫時間 不可能倒退想起你總會 流淚多麼幸運 找到你多麼堅定 我愛你面對命運 好多難題學不會放棄多麼幸運 擁抱你多麼遺憾 失去你多麼可惜 錯過愛情學會刻骨銘心 懷念都是你",0
終於結束的起點,五月天,"還記不記得 我和你 最初的相信還記不記得 孩子般 簡單的愛情我們彷彿天生在一起 用不完的默契和話題戴上了耳機 沉入曾經的 回憶幸福的回憶 是追求 幸福的天敵寂寞的問候 是加深 寂寞的陷阱當時無限珍藏的回憶 變成無處躲藏的雨季讓最小事情 都變成最痛 嘆息每一段傷痛的愛情 都困住兩顆想掙脫 傷痛的心如果說可惜 就在下一章 更珍惜也許一個勇敢的決定 能換兩個重生的約定「我們到了站」 這一站叫終於終於結束的起點終於寫下句點 終於我們告別終於我們又 回到原點流乾了眼淚 日日夜夜未來的我們 也許能說聲「好久不見。」愛情並不是 對與錯 簡單是非題相愛的兩人 不一定 能相守相依因為相愛所以在一起 因為深愛所以又分離約在下一站 車票是你我 勇氣每一段遺憾的曾經 當時名字都叫憧憬 我們的心不能忘懷的 至少釋懷吧 在風裡「那些無法看破的嘆息 某天會是看淡的風景」雖然那風景 永遠有誰缺席終於結束的起點終於寫下句點 終於我們告別終於我們又 回到原點流乾了眼淚 日日夜夜未來的我們 也許能說聲好久不見 好久不見終於結束的起點終於寫下句點 終於我們告別終於我們又 回到原點流乾了眼淚 日日夜夜未來的我們 也許能說聲好久不見站在這起點其實沒有走遠 其實不願告別其實我心中 依然想念擁抱著遺憾 歲歲年年卻要在今天 頭也不回的告別昨天 奔向明天奔向明天不回頭 不眷戀 的明天",0
星晴,周杰倫,"乘著風　遊盪在藍天邊　一片雲掉落在我面前捏成你的形狀　隨風跟著我　一口一口吃掉憂愁載著你　彷彿載著陽光　不管到哪裡都是晴天蝴蝶自在飛　花也佈滿天　一朵一朵因你而香試圖讓夕陽飛翔　帶領你我環繞大自然迎著風　開始共度每一天 手牽手　一步兩步三步四步　望著天看星星　一顆兩顆三顆四顆　連成線背對背默默許下心願看遠方的星是否聽得見手牽手　一步兩步三步四步　望著天看星星　一顆兩顆三顆四顆　連成線背對背默默許下心願看遠方的星如果聽得見　它一定實現",1
天真有邪,林宥嘉,"我已經 不能用單純的語氣 再唱情歌雖然表面上 我還是完整 那個我可是身體裡 有個什麼 已被刺破有一顆 我從小仰望的星星 悄悄殞落愛情的神經 以後一快樂 就難過會撒謊之前 有句話再不說讓你笑過 就沒勇氣 赤裸你可知道 對我做過什麼最殘忍就是你 狠狠把我 一夜之間 變成了大人奮不顧身的天真瞬間化成 一路走來的傷痕我懷念 我的笨愛人，你太知道 害一個人怎樣害一生你在他乾淨無菌主題樂園 加進了壞人可憐無邪那顆心就是這樣不知不覺變得狠 狠得好歹不分有種成熟 名叫墜落凡塵你可知道 對我做過什麼最殘忍就是你 狠狠把我 一夜之間 變成了大人奮不顧身的天真瞬間化成 一路走來的傷痕我悼念 我的笨愛人，你太知道 害一個人怎樣害一生你在他乾淨無菌主題樂園 加進了壞人可憐無邪那顆心突然明白 自私一點不過份 勝於為你自焚請問 好想知道 這個世界 會有什麼人願意把第一枝槍 送給未經污染的靈魂雖然天地也不仁若非必要 喚醒防禦的本能能不能等一等",0
遇見,孫燕姿,"聽見　冬天 的離開我在某年某月醒過來我想　我等　我期待未來卻不能因此安排陰天　傍晚　車窗外未來有一個人在等待向左　向右　向前看愛要拐幾個彎才來~我遇見誰　會有怎樣的對白我等的人　他在多遠的未來 我聽見風　來自地鐵和人海我排著隊　拿著愛的號碼牌我往前飛　飛過一片時間海我們也曾 在愛情裡受傷害我看著路　夢的入口有點窄我遇見你　是最美麗的意外總有一天　我的謎底會揭開",1
愛笑的眼睛,林俊傑,"如果不是那鏡子不像你　不藏秘密我還不肯相信沒有你我的笑　更美麗那天聽你在電話裡　略帶抱歉的關心我嘟的一聲切的比你說分手　徹底淚濕的衣洗乾淨　陽光裡曬乾回憶　摺好了傷心　明天起只和快樂出去　這愛的城市雖然擁擠　如果真的遇見你　你不必訝異　我的笑她無法代替離開你我才發現自己　那愛笑的眼睛流過淚　像躲不過的暴風雨　淋濕的昨天刪去離開你我才找回自己　那愛笑的眼睛再見愛情　我一定讓自己　讓自己決定離開你我才發現自己　那愛笑的眼睛流過淚　像一個人看舊電影　是我不小心而已離開你我才找回自己　那愛笑的眼睛再見到你　我一定讓自己　讓自己堅定離開你我才發現自己　那愛笑的眼睛流過淚　像躲不過的暴風雨　淋濕的昨天忘記離開你我才找回自己　那愛笑的眼睛再見愛情　我一定讓自己　讓自己　堅定再見到你　我一定讓自己　假裝很　堅定",1
紳士,薛之謙,"好久沒見了什麽角色呢細心裝扮著白色襯衫的袖扣是你送的盡量表現著像不在意的頻繁暴露了自欺欺人者越掩飾越深刻你說　我說　聽說忍著言不由衷的段落我　反正　決定　自己難過我想摸你的頭髮　只是簡單的試探啊我想給你個擁抱　像以前一樣可以嗎你退半步的動作認真的嗎小小的動作傷害還那麽大我只能扮演個紳士　才能和你說說話我能送你回家嗎　可能外面要下雨啦我能給你個擁抱　像朋友一樣可以嗎我忍不住從背後抱了一下尺度掌握在不能說想你啊你就當剛認識的紳士　鬧了個笑話吧盡量表現著善解人意的頻繁暴露了不欲人知的越掩飾越深刻想說　聽說　別說忍著言不由衷的段落我　反正　註定　留在角落我想摸你的頭髮　只是簡單的試探啊我想給你個擁抱　像以前一樣可以嗎你退半步的動作認真的嗎小小的動作傷害還那麽大我只能扮演個紳士　才能和你說說話我能送你回家嗎　可能外面要下雨啦我能給你個擁抱　像朋友一樣可以嗎我忍不住從背後抱了一下尺度掌握在不能說想你啊你就當剛認識的紳士　鬧了個笑話吧你能給我只左手　牽你到馬路那頭嗎我會像以前一樣　看著來往的車子啊我們的距離在眉間皺了下迅速還原成路人的樣子啊越有禮貌我越害怕　紳士要放得下",0
謝謝你愛我,謝和弦,"要不是你在我身旁　我不知道那些日子該怎麼堅強還好有你的陪伴　要不然我早就已迷失了方向要不是你給我力量　我不知道該怎麼獨自面對黑暗我想我已經習慣　靜靜的躺在你的懷中　變勇敢親愛的　謝謝你愛我　雖然我像個小孩脾氣壞　固執任性機歪　還有點變態可是有你在　我就會乖乖　你就是我的剋星我的最愛親愛的　謝謝你愛我　雖然我真的很帥很多人　說我像金城武　真的不意外因為有你在　我看到未來你就是我將來要娶的老婆　謝太太",1
鋼鐵是怎樣煉成的,何韻詩,"從頭溶掉我多災的信仰　鑄造更光更亮淋過冷水　也等得漫長隨着每個打擊　我會愈強最難舌劍唇槍　怎樣武裝　和人言打仗其實這鋼盔　天天加厚　最後令我　站着亦牽強我縱是內傷　但強人　哪可休養我變做了鋼鐵　但未完全勝利無人晚上會記起我都想可以脆弱到　仿似瓷器極易碎那顆心　就如玻璃我變做了鋼鐵　屹立茫茫戰地形成最礙眼對比若我得到常人　戀愛運氣又哪用鐵金剛　一雙鐵臂如可強硬到孤單都嚇退要滴過幾次淚　才夠建築　永生的身軀然後我掃得低　一支軍隊先知過去如水　堅毅至此　原來回不去無奈我有點　迫不得已　發育直到　墮地亦不碎卻困着肉身　沒人來　也出不去　woo ~我變做了鋼鐵　但未完全勝利無人晚上會記起我都想可以脆弱到　仿似瓷器極易碎那顆心　就如玻璃我變做了鋼鐵　屹立茫茫戰地形成最礙眼對比若我分到常人　戀愛運氣又哪用我手中　這利器　woo ~我變做了鋼鐵　但為誰人獻技前無去路至記起我都想可以脆弱到　仿似瓷器亮白而無瑕　猶像花樽精美我變做了鋼鐵　每日重臨戰地眉頭再沒樂與悲若我得到談情　慢條斯理讓我用我真身　愛你以後我貪生　又怕死",1
愛很簡單,陶喆,"忘了是怎麼開始　也許就是對你　有一種感覺忽然間發現自己　已深深愛上你　真的很簡單愛的地暗天黑都已無所謂　是是非非無法抉擇　喔~~沒有後悔為愛日夜去跟隨　那個瘋狂的人是我　喔~~I LOVE U 無法不愛你 BABY 說你也愛我　嗚I LOVE U 永遠不願意 BABY 失去你不可能更快樂　只要能在一起　做什麼都可以雖然　世界變個不停　用最真誠的心　讓愛變的簡單(口白:讓愛變的簡單)愛的地暗天黑都已無所謂　是是非非無法抉擇　喔~~沒有後悔為愛日夜去跟隨　那個瘋狂的人是我　喔~~I LOVE U 一直在這裡　BABY　一直在愛你　嗚 ya~I LOVE U　(yes I do)　永遠都不放棄　這愛你的權利如果你還有一些困惑 Oh No 貼著我的心傾聽聽我說著　愛你 (yes I do)I LOVE U 喔(YES I DO)一直在這裡　BABY OH YA-一直在愛你　喔I LOVE U 永遠都不放棄　這愛你的權利",1
凡人歌,五月天,"你我皆凡人 生在人世間終日奔波苦 一刻不得閒既然不是仙 難免有雜念道義放兩旁 把利字擺中間多少男子漢 一怒為紅顏多少同林鳥 已成了分飛燕人生何其短 何必苦苦戀愛人不見了 向誰去喊冤問你何時曾看見 這世界為了人們改變有了夢寐以求的容顏 是否就算是擁有春天你我皆凡人 生在人世間終日奔波苦 一刻不得閒既然不是仙 難免有雜念道義放兩旁 把利字擺中間多少男子漢 一怒為紅顏多少同林鳥 已成了分飛燕人生何其短 何必苦苦戀愛人不見了 向誰去喊冤問你何時曾看見 這世界為了人們改變有了夢寐以求的容顏 是否就算是擁有春天問你何時曾看見 這世界為了人們改變有了夢寐以求的容顏 是否就算是擁有春天我問你何時曾看見 這世界為了人們改變有了夢寐以求的容顏 是否就算是擁有春天你我皆凡人",0
簡單愛,周杰倫,"說不上為什麼　我變得很主動若愛上一個人　什麼都會值得去做我想大聲宣佈　對妳依依不捨連隔壁鄰居都猜到我現在的感受河邊的風　在吹著頭髮飄動牽著妳的手　一陣莫名感動我想帶妳　回我的外婆家一起看著日落　一直到我們都睡著我想就這樣牽著妳的手不放開愛能不能夠永遠單純沒有悲哀我　想帶妳騎單車我　想和妳看棒球想這樣沒擔憂　唱著歌　一直走我想就這樣牽著妳的手不放開愛可不可以簡簡單單沒有傷害妳　靠著我的肩膀妳　在我胸口睡著像這樣的生活　我愛妳　妳愛我想　簡簡單單愛想　簡簡單單愛",1
安靜了,S.H.E,"只剩下鋼琴陪我站在這裡　　夢想中　屬於我們的婚禮　　卻成了　單人結婚進行曲在這場愛情角力的拔河裡　　愛我還是愛你　你選擇了自己撒嬌的　可愛的　黏人的　愛哭的　　照片裡　曾經的都是你喜歡的　　如今我還在原地 你卻走回你的記憶你說我愛你太多　就快要把你淹沒　　你害怕幸福　短暫一秒就崩落　　分開是一種解脫　讓你好好的想過　　我想要的　那片天空　你是不是能夠給我你說我給你太多　卻不能給我甚麼　　分不清激情　承諾永恆或迷惑　　愛情是一道傷口　我們各自苦痛　　沉默是我最後溫柔　是因爲我太愛你只剩下鋼琴陪我站在這裡　　夢想中　屬於我們的婚禮　　安靜了　在我枕邊的夢裡我知道相愛原本就不容易　　愛不是一加一　努力就有結局撒嬌的　可愛的黏人的　愛哭的照片裡　曾經的都是愛著你的臉頰的淚還溫熱　卻沒有人握我的手你說我愛你太多　就快要把你淹沒　　你害怕幸福　短暫一秒就崩落分開是一種解脫　讓你好好的想過　　我想要的　那片天空　你是不是能夠給我你說我給你太多　卻不能給我甚麼　　分不清激情　承諾永恆或迷惑愛情是一道傷口　我們各自苦痛沉默是我最後溫柔　是因爲我太愛你",0
模特,李榮浩,"穿華麗的服裝為原始的渴望而站著用完美的表情為脆弱的城市而撐著我冷漠的接受你焦急的等待也困著像無數生存在櫥窗裡的模特除了燈以外我還能看見什麼除了光以外我還能要求什麼除了你以外還能倚賴哪一個在千里以外在呼喊的是什麼在百年以後想回憶的是什麼在離開以前能否再見那一刻記得你的眼睛將會亮著我的手臂將會揮著誰說世界早已沒有選擇趁著我會喜怒你會哀樂唱幾分鐘情歌沒什麼至少證明我們還活著像單純的蝴蝶為玫瑰的甜美而飛著像頑皮的小貓為明天的好奇而睡著是混亂的時代是透明的監獄也覺得是不能繼續在櫥窗裡做模特除了風以外我還能聽到什麼除了塵以外我還能拒絕什麼除了你以外還能倚賴哪一個在千里以外在呼喊的是什麼在百年以後想回憶的是什麼在離開以前能否再見那一刻記得你的眼睛將會亮著我的手臂將會揮著誰說世界早已沒有選擇趁著我會喜怒你會哀樂唱幾分鐘情歌沒什麼至少證明我們還活著記得你的眼睛將會亮著我的手臂將會揮著誰說世界早已沒有選擇趁著我會喜怒你會哀樂唱幾分鐘情歌沒什麼至少證明我們還活著",1